anio,GENRE,CANTIDAD
1917,Comedy,7.0
1917,Drama,4.0
1917,Kids,1.0
1917,Samurai,1.0
1917,Demons,0.0
1917,Fantasy,0.0
1917,Historical,0.0
1917,Adventure,0.0
1917,Romance,0.0
1917,Action,0.0
1917,Music,0.0
1917,Sports,0.0
1917,Military,0.0
1917,Slice of Life,0.0
1917,Supernatural,0.0
1917,Dementia,0.0
1917,Ecchi,0.0
1917,Mecha,0.0
1917,Sci-Fi,0.0
1917,Shounen,0.0
1917,Mystery,0.0
1917,School,0.0
1917,Space,0.0
1917,Super Power,0.0
1917,Magic,0.0
1917,Shoujo,0.0
1917,Cars,0.0
1917,Horror,0.0
1917,Martial Arts,0.0
1917,Parody,0.0
1917,Police,0.0
1917,Hentai,0.0
1917,Psychological,0.0
1917,Vampire,0.0
1917,Seinen,0.0
1917,Shounen Ai,0.0
1917,Game,0.0
1917,Yuri,0.0
1917,Thriller,0.0
1917,Josei,0.0
1917,Harem,0.0
1917,Shoujo Ai,0.0
1917,Yaoi,0.0
1918,Comedy,1.0
1918,Drama,3.0
1918,Kids,1.0
1918,Samurai,0.0
1918,Demons,1.0
1918,Fantasy,1.0
1918,Historical,2.0
1918,Adventure,0.0
1918,Romance,0.0
1918,Action,0.0
1918,Music,0.0
1918,Sports,0.0
1918,Military,0.0
1918,Slice of Life,0.0
1918,Supernatural,0.0
1918,Dementia,0.0
1918,Ecchi,0.0
1918,Mecha,0.0
1918,Sci-Fi,0.0
1918,Shounen,0.0
1918,Mystery,0.0
1918,School,0.0
1918,Space,0.0
1918,Super Power,0.0
1918,Magic,0.0
1918,Shoujo,0.0
1918,Cars,0.0
1918,Horror,0.0
1918,Martial Arts,0.0
1918,Parody,0.0
1918,Police,0.0
1918,Hentai,0.0
1918,Psychological,0.0
1918,Vampire,0.0
1918,Seinen,0.0
1918,Shounen Ai,0.0
1918,Game,0.0
1918,Yuri,0.0
1918,Thriller,0.0
1918,Josei,0.0
1918,Harem,0.0
1918,Shoujo Ai,0.0
1918,Yaoi,0.0
1926,Comedy,0.0
1926,Drama,0.0
1926,Kids,0.0
1926,Samurai,0.0
1926,Demons,0.0
1926,Fantasy,0.0
1926,Historical,1.0
1926,Adventure,1.0
1926,Romance,1.0
1926,Action,0.0
1926,Music,0.0
1926,Sports,0.0
1926,Military,0.0
1926,Slice of Life,0.0
1926,Supernatural,0.0
1926,Dementia,0.0
1926,Ecchi,0.0
1926,Mecha,0.0
1926,Sci-Fi,0.0
1926,Shounen,0.0
1926,Mystery,0.0
1926,School,0.0
1926,Space,0.0
1926,Super Power,0.0
1926,Magic,0.0
1926,Shoujo,0.0
1926,Cars,0.0
1926,Horror,0.0
1926,Martial Arts,0.0
1926,Parody,0.0
1926,Police,0.0
1926,Hentai,0.0
1926,Psychological,0.0
1926,Vampire,0.0
1926,Seinen,0.0
1926,Shounen Ai,0.0
1926,Game,0.0
1926,Yuri,0.0
1926,Thriller,0.0
1926,Josei,0.0
1926,Harem,0.0
1926,Shoujo Ai,0.0
1926,Yaoi,0.0
1927,Comedy,0.0
1927,Drama,0.0
1927,Kids,0.0
1927,Samurai,0.0
1927,Demons,0.0
1927,Fantasy,0.0
1927,Historical,1.0
1927,Adventure,0.0
1927,Romance,0.0
1927,Action,0.0
1927,Music,0.0
1927,Sports,0.0
1927,Military,0.0
1927,Slice of Life,0.0
1927,Supernatural,0.0
1927,Dementia,0.0
1927,Ecchi,0.0
1927,Mecha,0.0
1927,Sci-Fi,0.0
1927,Shounen,0.0
1927,Mystery,0.0
1927,School,0.0
1927,Space,0.0
1927,Super Power,0.0
1927,Magic,0.0
1927,Shoujo,0.0
1927,Cars,0.0
1927,Horror,0.0
1927,Martial Arts,0.0
1927,Parody,0.0
1927,Police,0.0
1927,Hentai,0.0
1927,Psychological,0.0
1927,Vampire,0.0
1927,Seinen,0.0
1927,Shounen Ai,0.0
1927,Game,0.0
1927,Yuri,0.0
1927,Thriller,0.0
1927,Josei,0.0
1927,Harem,0.0
1927,Shoujo Ai,0.0
1927,Yaoi,0.0
1928,Comedy,1.0
1928,Drama,0.0
1928,Kids,0.0
1928,Samurai,0.0
1928,Demons,0.0
1928,Fantasy,0.0
1928,Historical,0.0
1928,Adventure,0.0
1928,Romance,0.0
1928,Action,0.0
1928,Music,0.0
1928,Sports,0.0
1928,Military,0.0
1928,Slice of Life,0.0
1928,Supernatural,0.0
1928,Dementia,0.0
1928,Ecchi,0.0
1928,Mecha,0.0
1928,Sci-Fi,0.0
1928,Shounen,0.0
1928,Mystery,0.0
1928,School,0.0
1928,Space,0.0
1928,Super Power,0.0
1928,Magic,0.0
1928,Shoujo,0.0
1928,Cars,0.0
1928,Horror,0.0
1928,Martial Arts,0.0
1928,Parody,0.0
1928,Police,0.0
1928,Hentai,0.0
1928,Psychological,0.0
1928,Vampire,0.0
1928,Seinen,0.0
1928,Shounen Ai,0.0
1928,Game,0.0
1928,Yuri,0.0
1928,Thriller,0.0
1928,Josei,0.0
1928,Harem,0.0
1928,Shoujo Ai,0.0
1928,Yaoi,0.0
1929,Comedy,1.0
1929,Drama,0.0
1929,Kids,0.0
1929,Samurai,0.0
1929,Demons,1.0
1929,Fantasy,1.0
1929,Historical,1.0
1929,Adventure,1.0
1929,Romance,0.0
1929,Action,2.0
1929,Music,0.0
1929,Sports,0.0
1929,Military,0.0
1929,Slice of Life,0.0
1929,Supernatural,0.0
1929,Dementia,0.0
1929,Ecchi,0.0
1929,Mecha,0.0
1929,Sci-Fi,0.0
1929,Shounen,0.0
1929,Mystery,0.0
1929,School,0.0
1929,Space,0.0
1929,Super Power,0.0
1929,Magic,0.0
1929,Shoujo,0.0
1929,Cars,0.0
1929,Horror,0.0
1929,Martial Arts,0.0
1929,Parody,0.0
1929,Police,0.0
1929,Hentai,0.0
1929,Psychological,0.0
1929,Vampire,0.0
1929,Seinen,0.0
1929,Shounen Ai,0.0
1929,Game,0.0
1929,Yuri,0.0
1929,Thriller,0.0
1929,Josei,0.0
1929,Harem,0.0
1929,Shoujo Ai,0.0
1929,Yaoi,0.0
1930,Comedy,1.0
1930,Drama,0.0
1930,Kids,1.0
1930,Samurai,0.0
1930,Demons,0.0
1930,Fantasy,0.0
1930,Historical,0.0
1930,Adventure,0.0
1930,Romance,0.0
1930,Action,0.0
1930,Music,1.0
1930,Sports,1.0
1930,Military,0.0
1930,Slice of Life,0.0
1930,Supernatural,0.0
1930,Dementia,0.0
1930,Ecchi,0.0
1930,Mecha,0.0
1930,Sci-Fi,0.0
1930,Shounen,0.0
1930,Mystery,0.0
1930,School,0.0
1930,Space,0.0
1930,Super Power,0.0
1930,Magic,0.0
1930,Shoujo,0.0
1930,Cars,0.0
1930,Horror,0.0
1930,Martial Arts,0.0
1930,Parody,0.0
1930,Police,0.0
1930,Hentai,0.0
1930,Psychological,0.0
1930,Vampire,0.0
1930,Seinen,0.0
1930,Shounen Ai,0.0
1930,Game,0.0
1930,Yuri,0.0
1930,Thriller,0.0
1930,Josei,0.0
1930,Harem,0.0
1930,Shoujo Ai,0.0
1930,Yaoi,0.0
1931,Comedy,1.0
1931,Drama,0.0
1931,Kids,0.0
1931,Samurai,0.0
1931,Demons,0.0
1931,Fantasy,0.0
1931,Historical,1.0
1931,Adventure,2.0
1931,Romance,0.0
1931,Action,0.0
1931,Music,1.0
1931,Sports,0.0
1931,Military,1.0
1931,Slice of Life,0.0
1931,Supernatural,0.0
1931,Dementia,0.0
1931,Ecchi,0.0
1931,Mecha,0.0
1931,Sci-Fi,0.0
1931,Shounen,0.0
1931,Mystery,0.0
1931,School,0.0
1931,Space,0.0
1931,Super Power,0.0
1931,Magic,0.0
1931,Shoujo,0.0
1931,Cars,0.0
1931,Horror,0.0
1931,Martial Arts,0.0
1931,Parody,0.0
1931,Police,0.0
1931,Hentai,0.0
1931,Psychological,0.0
1931,Vampire,0.0
1931,Seinen,0.0
1931,Shounen Ai,0.0
1931,Game,0.0
1931,Yuri,0.0
1931,Thriller,0.0
1931,Josei,0.0
1931,Harem,0.0
1931,Shoujo Ai,0.0
1931,Yaoi,0.0
1932,Comedy,1.0
1932,Drama,0.0
1932,Kids,0.0
1932,Samurai,1.0
1932,Demons,0.0
1932,Fantasy,0.0
1932,Historical,0.0
1932,Adventure,0.0
1932,Romance,0.0
1932,Action,0.0
1932,Music,0.0
1932,Sports,0.0
1932,Military,0.0
1932,Slice of Life,0.0
1932,Supernatural,0.0
1932,Dementia,0.0
1932,Ecchi,0.0
1932,Mecha,0.0
1932,Sci-Fi,0.0
1932,Shounen,0.0
1932,Mystery,0.0
1932,School,0.0
1932,Space,0.0
1932,Super Power,0.0
1932,Magic,0.0
1932,Shoujo,0.0
1932,Cars,0.0
1932,Horror,0.0
1932,Martial Arts,0.0
1932,Parody,0.0
1932,Police,0.0
1932,Hentai,0.0
1932,Psychological,0.0
1932,Vampire,0.0
1932,Seinen,0.0
1932,Shounen Ai,0.0
1932,Game,0.0
1932,Yuri,0.0
1932,Thriller,0.0
1932,Josei,0.0
1932,Harem,0.0
1932,Shoujo Ai,0.0
1932,Yaoi,0.0
1933,Comedy,3.0
1933,Drama,0.0
1933,Kids,0.0
1933,Samurai,0.0
1933,Demons,0.0
1933,Fantasy,0.0
1933,Historical,1.0
1933,Adventure,4.0
1933,Romance,0.0
1933,Action,2.0
1933,Music,0.0
1933,Sports,0.0
1933,Military,0.0
1933,Slice of Life,1.0
1933,Supernatural,1.0
1933,Dementia,0.0
1933,Ecchi,0.0
1933,Mecha,0.0
1933,Sci-Fi,0.0
1933,Shounen,0.0
1933,Mystery,0.0
1933,School,0.0
1933,Space,0.0
1933,Super Power,0.0
1933,Magic,0.0
1933,Shoujo,0.0
1933,Cars,0.0
1933,Horror,0.0
1933,Martial Arts,0.0
1933,Parody,0.0
1933,Police,0.0
1933,Hentai,0.0
1933,Psychological,0.0
1933,Vampire,0.0
1933,Seinen,0.0
1933,Shounen Ai,0.0
1933,Game,0.0
1933,Yuri,0.0
1933,Thriller,0.0
1933,Josei,0.0
1933,Harem,0.0
1933,Shoujo Ai,0.0
1933,Yaoi,0.0
1934,Comedy,2.0
1934,Drama,0.0
1934,Kids,2.0
1934,Samurai,0.0
1934,Demons,0.0
1934,Fantasy,2.0
1934,Historical,0.0
1934,Adventure,2.0
1934,Romance,1.0
1934,Action,0.0
1934,Music,0.0
1934,Sports,0.0
1934,Military,1.0
1934,Slice of Life,0.0
1934,Supernatural,0.0
1934,Dementia,0.0
1934,Ecchi,0.0
1934,Mecha,0.0
1934,Sci-Fi,0.0
1934,Shounen,0.0
1934,Mystery,0.0
1934,School,0.0
1934,Space,0.0
1934,Super Power,0.0
1934,Magic,0.0
1934,Shoujo,0.0
1934,Cars,0.0
1934,Horror,0.0
1934,Martial Arts,0.0
1934,Parody,0.0
1934,Police,0.0
1934,Hentai,0.0
1934,Psychological,0.0
1934,Vampire,0.0
1934,Seinen,0.0
1934,Shounen Ai,0.0
1934,Game,0.0
1934,Yuri,0.0
1934,Thriller,0.0
1934,Josei,0.0
1934,Harem,0.0
1934,Shoujo Ai,0.0
1934,Yaoi,0.0
1935,Comedy,2.0
1935,Drama,0.0
1935,Kids,1.0
1935,Samurai,1.0
1935,Demons,0.0
1935,Fantasy,0.0
1935,Historical,1.0
1935,Adventure,1.0
1935,Romance,0.0
1935,Action,2.0
1935,Music,0.0
1935,Sports,0.0
1935,Military,0.0
1935,Slice of Life,0.0
1935,Supernatural,1.0
1935,Dementia,0.0
1935,Ecchi,0.0
1935,Mecha,0.0
1935,Sci-Fi,0.0
1935,Shounen,0.0
1935,Mystery,0.0
1935,School,0.0
1935,Space,0.0
1935,Super Power,0.0
1935,Magic,0.0
1935,Shoujo,0.0
1935,Cars,0.0
1935,Horror,0.0
1935,Martial Arts,0.0
1935,Parody,0.0
1935,Police,0.0
1935,Hentai,0.0
1935,Psychological,0.0
1935,Vampire,0.0
1935,Seinen,0.0
1935,Shounen Ai,0.0
1935,Game,0.0
1935,Yuri,0.0
1935,Thriller,0.0
1935,Josei,0.0
1935,Harem,0.0
1935,Shoujo Ai,0.0
1935,Yaoi,0.0
1936,Comedy,0.0
1936,Drama,0.0
1936,Kids,0.0
1936,Samurai,0.0
1936,Demons,0.0
1936,Fantasy,0.0
1936,Historical,0.0
1936,Adventure,0.0
1936,Romance,0.0
1936,Action,1.0
1936,Music,0.0
1936,Sports,0.0
1936,Military,0.0
1936,Slice of Life,0.0
1936,Supernatural,0.0
1936,Dementia,0.0
1936,Ecchi,0.0
1936,Mecha,0.0
1936,Sci-Fi,0.0
1936,Shounen,0.0
1936,Mystery,0.0
1936,School,0.0
1936,Space,0.0
1936,Super Power,0.0
1936,Magic,0.0
1936,Shoujo,0.0
1936,Cars,0.0
1936,Horror,0.0
1936,Martial Arts,0.0
1936,Parody,0.0
1936,Police,0.0
1936,Hentai,0.0
1936,Psychological,0.0
1936,Vampire,0.0
1936,Seinen,0.0
1936,Shounen Ai,0.0
1936,Game,0.0
1936,Yuri,0.0
1936,Thriller,0.0
1936,Josei,0.0
1936,Harem,0.0
1936,Shoujo Ai,0.0
1936,Yaoi,0.0
1937,Comedy,0.0
1937,Drama,0.0
1937,Kids,0.0
1937,Samurai,0.0
1937,Demons,0.0
1937,Fantasy,0.0
1937,Historical,1.0
1937,Adventure,0.0
1937,Romance,0.0
1937,Action,0.0
1937,Music,0.0
1937,Sports,0.0
1937,Military,0.0
1937,Slice of Life,0.0
1937,Supernatural,0.0
1937,Dementia,0.0
1937,Ecchi,0.0
1937,Mecha,0.0
1937,Sci-Fi,0.0
1937,Shounen,0.0
1937,Mystery,0.0
1937,School,0.0
1937,Space,0.0
1937,Super Power,0.0
1937,Magic,0.0
1937,Shoujo,0.0
1937,Cars,0.0
1937,Horror,0.0
1937,Martial Arts,0.0
1937,Parody,0.0
1937,Police,0.0
1937,Hentai,0.0
1937,Psychological,0.0
1937,Vampire,0.0
1937,Seinen,0.0
1937,Shounen Ai,0.0
1937,Game,0.0
1937,Yuri,0.0
1937,Thriller,0.0
1937,Josei,0.0
1937,Harem,0.0
1937,Shoujo Ai,0.0
1937,Yaoi,0.0
1938,Comedy,0.0
1938,Drama,1.0
1938,Kids,0.0
1938,Samurai,1.0
1938,Demons,0.0
1938,Fantasy,0.0
1938,Historical,0.0
1938,Adventure,0.0
1938,Romance,0.0
1938,Action,1.0
1938,Music,0.0
1938,Sports,0.0
1938,Military,0.0
1938,Slice of Life,0.0
1938,Supernatural,0.0
1938,Dementia,0.0
1938,Ecchi,0.0
1938,Mecha,0.0
1938,Sci-Fi,0.0
1938,Shounen,0.0
1938,Mystery,0.0
1938,School,0.0
1938,Space,0.0
1938,Super Power,0.0
1938,Magic,0.0
1938,Shoujo,0.0
1938,Cars,0.0
1938,Horror,0.0
1938,Martial Arts,0.0
1938,Parody,0.0
1938,Police,0.0
1938,Hentai,0.0
1938,Psychological,0.0
1938,Vampire,0.0
1938,Seinen,0.0
1938,Shounen Ai,0.0
1938,Game,0.0
1938,Yuri,0.0
1938,Thriller,0.0
1938,Josei,0.0
1938,Harem,0.0
1938,Shoujo Ai,0.0
1938,Yaoi,0.0
1940,Comedy,1.0
1940,Drama,1.0
1940,Kids,0.0
1940,Samurai,0.0
1940,Demons,0.0
1940,Fantasy,1.0
1940,Historical,1.0
1940,Adventure,0.0
1940,Romance,0.0
1940,Action,0.0
1940,Music,0.0
1940,Sports,0.0
1940,Military,0.0
1940,Slice of Life,0.0
1940,Supernatural,0.0
1940,Dementia,0.0
1940,Ecchi,0.0
1940,Mecha,0.0
1940,Sci-Fi,0.0
1940,Shounen,0.0
1940,Mystery,0.0
1940,School,0.0
1940,Space,0.0
1940,Super Power,0.0
1940,Magic,0.0
1940,Shoujo,0.0
1940,Cars,0.0
1940,Horror,0.0
1940,Martial Arts,0.0
1940,Parody,0.0
1940,Police,0.0
1940,Hentai,0.0
1940,Psychological,0.0
1940,Vampire,0.0
1940,Seinen,0.0
1940,Shounen Ai,0.0
1940,Game,0.0
1940,Yuri,0.0
1940,Thriller,0.0
1940,Josei,0.0
1940,Harem,0.0
1940,Shoujo Ai,0.0
1940,Yaoi,0.0
1941,Comedy,0.0
1941,Drama,0.0
1941,Kids,0.0
1941,Samurai,0.0
1941,Demons,0.0
1941,Fantasy,1.0
1941,Historical,0.0
1941,Adventure,1.0
1941,Romance,0.0
1941,Action,1.0
1941,Music,0.0
1941,Sports,0.0
1941,Military,0.0
1941,Slice of Life,0.0
1941,Supernatural,0.0
1941,Dementia,0.0
1941,Ecchi,0.0
1941,Mecha,0.0
1941,Sci-Fi,0.0
1941,Shounen,0.0
1941,Mystery,0.0
1941,School,0.0
1941,Space,0.0
1941,Super Power,0.0
1941,Magic,0.0
1941,Shoujo,0.0
1941,Cars,0.0
1941,Horror,0.0
1941,Martial Arts,0.0
1941,Parody,0.0
1941,Police,0.0
1941,Hentai,0.0
1941,Psychological,0.0
1941,Vampire,0.0
1941,Seinen,0.0
1941,Shounen Ai,0.0
1941,Game,0.0
1941,Yuri,0.0
1941,Thriller,0.0
1941,Josei,0.0
1941,Harem,0.0
1941,Shoujo Ai,0.0
1941,Yaoi,0.0
1942,Comedy,1.0
1942,Drama,0.0
1942,Kids,0.0
1942,Samurai,0.0
1942,Demons,0.0
1942,Fantasy,0.0
1942,Historical,2.0
1942,Adventure,0.0
1942,Romance,0.0
1942,Action,0.0
1942,Music,0.0
1942,Sports,0.0
1942,Military,1.0
1942,Slice of Life,0.0
1942,Supernatural,0.0
1942,Dementia,0.0
1942,Ecchi,0.0
1942,Mecha,0.0
1942,Sci-Fi,0.0
1942,Shounen,0.0
1942,Mystery,0.0
1942,School,0.0
1942,Space,0.0
1942,Super Power,0.0
1942,Magic,0.0
1942,Shoujo,0.0
1942,Cars,0.0
1942,Horror,0.0
1942,Martial Arts,0.0
1942,Parody,0.0
1942,Police,0.0
1942,Hentai,0.0
1942,Psychological,0.0
1942,Vampire,0.0
1942,Seinen,0.0
1942,Shounen Ai,0.0
1942,Game,0.0
1942,Yuri,0.0
1942,Thriller,0.0
1942,Josei,0.0
1942,Harem,0.0
1942,Shoujo Ai,0.0
1942,Yaoi,0.0
1943,Comedy,1.0
1943,Drama,0.0
1943,Kids,1.0
1943,Samurai,0.0
1943,Demons,0.0
1943,Fantasy,0.0
1943,Historical,2.0
1943,Adventure,1.0
1943,Romance,0.0
1943,Action,0.0
1943,Music,0.0
1943,Sports,0.0
1943,Military,1.0
1943,Slice of Life,0.0
1943,Supernatural,0.0
1943,Dementia,0.0
1943,Ecchi,0.0
1943,Mecha,0.0
1943,Sci-Fi,0.0
1943,Shounen,0.0
1943,Mystery,0.0
1943,School,0.0
1943,Space,0.0
1943,Super Power,0.0
1943,Magic,0.0
1943,Shoujo,0.0
1943,Cars,0.0
1943,Horror,0.0
1943,Martial Arts,0.0
1943,Parody,0.0
1943,Police,0.0
1943,Hentai,0.0
1943,Psychological,0.0
1943,Vampire,0.0
1943,Seinen,0.0
1943,Shounen Ai,0.0
1943,Game,0.0
1943,Yuri,0.0
1943,Thriller,0.0
1943,Josei,0.0
1943,Harem,0.0
1943,Shoujo Ai,0.0
1943,Yaoi,0.0
1944,Comedy,1.0
1944,Drama,0.0
1944,Kids,0.0
1944,Samurai,0.0
1944,Demons,0.0
1944,Fantasy,0.0
1944,Historical,1.0
1944,Adventure,0.0
1944,Romance,0.0
1944,Action,0.0
1944,Music,0.0
1944,Sports,0.0
1944,Military,1.0
1944,Slice of Life,0.0
1944,Supernatural,0.0
1944,Dementia,0.0
1944,Ecchi,0.0
1944,Mecha,0.0
1944,Sci-Fi,0.0
1944,Shounen,0.0
1944,Mystery,0.0
1944,School,0.0
1944,Space,0.0
1944,Super Power,0.0
1944,Magic,0.0
1944,Shoujo,0.0
1944,Cars,0.0
1944,Horror,0.0
1944,Martial Arts,0.0
1944,Parody,0.0
1944,Police,0.0
1944,Hentai,0.0
1944,Psychological,0.0
1944,Vampire,0.0
1944,Seinen,0.0
1944,Shounen Ai,0.0
1944,Game,0.0
1944,Yuri,0.0
1944,Thriller,0.0
1944,Josei,0.0
1944,Harem,0.0
1944,Shoujo Ai,0.0
1944,Yaoi,0.0
1945,Comedy,0.0
1945,Drama,0.0
1945,Kids,0.0
1945,Samurai,0.0
1945,Demons,0.0
1945,Fantasy,0.0
1945,Historical,0.0
1945,Adventure,0.0
1945,Romance,0.0
1945,Action,1.0
1945,Music,0.0
1945,Sports,0.0
1945,Military,1.0
1945,Slice of Life,0.0
1945,Supernatural,0.0
1945,Dementia,0.0
1945,Ecchi,0.0
1945,Mecha,0.0
1945,Sci-Fi,0.0
1945,Shounen,0.0
1945,Mystery,0.0
1945,School,0.0
1945,Space,0.0
1945,Super Power,0.0
1945,Magic,0.0
1945,Shoujo,0.0
1945,Cars,0.0
1945,Horror,0.0
1945,Martial Arts,0.0
1945,Parody,0.0
1945,Police,0.0
1945,Hentai,0.0
1945,Psychological,0.0
1945,Vampire,0.0
1945,Seinen,0.0
1945,Shounen Ai,0.0
1945,Game,0.0
1945,Yuri,0.0
1945,Thriller,0.0
1945,Josei,0.0
1945,Harem,0.0
1945,Shoujo Ai,0.0
1945,Yaoi,0.0
1947,Comedy,0.0
1947,Drama,0.0
1947,Kids,1.0
1947,Samurai,0.0
1947,Demons,0.0
1947,Fantasy,0.0
1947,Historical,0.0
1947,Adventure,0.0
1947,Romance,0.0
1947,Action,0.0
1947,Music,1.0
1947,Sports,0.0
1947,Military,0.0
1947,Slice of Life,0.0
1947,Supernatural,0.0
1947,Dementia,0.0
1947,Ecchi,0.0
1947,Mecha,0.0
1947,Sci-Fi,0.0
1947,Shounen,0.0
1947,Mystery,0.0
1947,School,0.0
1947,Space,0.0
1947,Super Power,0.0
1947,Magic,0.0
1947,Shoujo,0.0
1947,Cars,0.0
1947,Horror,0.0
1947,Martial Arts,0.0
1947,Parody,0.0
1947,Police,0.0
1947,Hentai,0.0
1947,Psychological,0.0
1947,Vampire,0.0
1947,Seinen,0.0
1947,Shounen Ai,0.0
1947,Game,0.0
1947,Yuri,0.0
1947,Thriller,0.0
1947,Josei,0.0
1947,Harem,0.0
1947,Shoujo Ai,0.0
1947,Yaoi,0.0
1948,Comedy,1.0
1948,Drama,0.0
1948,Kids,0.0
1948,Samurai,0.0
1948,Demons,0.0
1948,Fantasy,0.0
1948,Historical,0.0
1948,Adventure,0.0
1948,Romance,0.0
1948,Action,0.0
1948,Music,0.0
1948,Sports,0.0
1948,Military,0.0
1948,Slice of Life,0.0
1948,Supernatural,0.0
1948,Dementia,0.0
1948,Ecchi,0.0
1948,Mecha,0.0
1948,Sci-Fi,0.0
1948,Shounen,0.0
1948,Mystery,0.0
1948,School,0.0
1948,Space,0.0
1948,Super Power,0.0
1948,Magic,0.0
1948,Shoujo,0.0
1948,Cars,0.0
1948,Horror,0.0
1948,Martial Arts,0.0
1948,Parody,0.0
1948,Police,0.0
1948,Hentai,0.0
1948,Psychological,0.0
1948,Vampire,0.0
1948,Seinen,0.0
1948,Shounen Ai,0.0
1948,Game,0.0
1948,Yuri,0.0
1948,Thriller,0.0
1948,Josei,0.0
1948,Harem,0.0
1948,Shoujo Ai,0.0
1948,Yaoi,0.0
1955,Comedy,0.0
1955,Drama,0.0
1955,Kids,0.0
1955,Samurai,0.0
1955,Demons,0.0
1955,Fantasy,0.0
1955,Historical,0.0
1955,Adventure,0.0
1955,Romance,0.0
1955,Action,0.0
1955,Music,0.0
1955,Sports,0.0
1955,Military,0.0
1955,Slice of Life,0.0
1955,Supernatural,1.0
1955,Dementia,0.0
1955,Ecchi,0.0
1955,Mecha,0.0
1955,Sci-Fi,0.0
1955,Shounen,0.0
1955,Mystery,0.0
1955,School,0.0
1955,Space,0.0
1955,Super Power,0.0
1955,Magic,0.0
1955,Shoujo,0.0
1955,Cars,0.0
1955,Horror,0.0
1955,Martial Arts,0.0
1955,Parody,0.0
1955,Police,0.0
1955,Hentai,0.0
1955,Psychological,0.0
1955,Vampire,0.0
1955,Seinen,0.0
1955,Shounen Ai,0.0
1955,Game,0.0
1955,Yuri,0.0
1955,Thriller,0.0
1955,Josei,0.0
1955,Harem,0.0
1955,Shoujo Ai,0.0
1955,Yaoi,0.0
1956,Comedy,0.0
1956,Drama,0.0
1956,Kids,0.0
1956,Samurai,0.0
1956,Demons,0.0
1956,Fantasy,1.0
1956,Historical,0.0
1956,Adventure,0.0
1956,Romance,0.0
1956,Action,0.0
1956,Music,0.0
1956,Sports,0.0
1956,Military,0.0
1956,Slice of Life,0.0
1956,Supernatural,0.0
1956,Dementia,0.0
1956,Ecchi,0.0
1956,Mecha,0.0
1956,Sci-Fi,0.0
1956,Shounen,0.0
1956,Mystery,0.0
1956,School,0.0
1956,Space,0.0
1956,Super Power,0.0
1956,Magic,0.0
1956,Shoujo,0.0
1956,Cars,0.0
1956,Horror,0.0
1956,Martial Arts,0.0
1956,Parody,0.0
1956,Police,0.0
1956,Hentai,0.0
1956,Psychological,0.0
1956,Vampire,0.0
1956,Seinen,0.0
1956,Shounen Ai,0.0
1956,Game,0.0
1956,Yuri,0.0
1956,Thriller,0.0
1956,Josei,0.0
1956,Harem,0.0
1956,Shoujo Ai,0.0
1956,Yaoi,0.0
1957,Comedy,1.0
1957,Drama,0.0
1957,Kids,1.0
1957,Samurai,0.0
1957,Demons,0.0
1957,Fantasy,0.0
1957,Historical,0.0
1957,Adventure,0.0
1957,Romance,0.0
1957,Action,0.0
1957,Music,0.0
1957,Sports,0.0
1957,Military,0.0
1957,Slice of Life,0.0
1957,Supernatural,0.0
1957,Dementia,0.0
1957,Ecchi,0.0
1957,Mecha,0.0
1957,Sci-Fi,0.0
1957,Shounen,0.0
1957,Mystery,0.0
1957,School,0.0
1957,Space,0.0
1957,Super Power,0.0
1957,Magic,0.0
1957,Shoujo,0.0
1957,Cars,0.0
1957,Horror,0.0
1957,Martial Arts,0.0
1957,Parody,0.0
1957,Police,0.0
1957,Hentai,0.0
1957,Psychological,0.0
1957,Vampire,0.0
1957,Seinen,0.0
1957,Shounen Ai,0.0
1957,Game,0.0
1957,Yuri,0.0
1957,Thriller,0.0
1957,Josei,0.0
1957,Harem,0.0
1957,Shoujo Ai,0.0
1957,Yaoi,0.0
1958,Comedy,0.0
1958,Drama,0.0
1958,Kids,1.0
1958,Samurai,0.0
1958,Demons,0.0
1958,Fantasy,1.0
1958,Historical,1.0
1958,Adventure,2.0
1958,Romance,1.0
1958,Action,0.0
1958,Music,0.0
1958,Sports,0.0
1958,Military,0.0
1958,Slice of Life,0.0
1958,Supernatural,0.0
1958,Dementia,0.0
1958,Ecchi,0.0
1958,Mecha,0.0
1958,Sci-Fi,0.0
1958,Shounen,0.0
1958,Mystery,0.0
1958,School,0.0
1958,Space,0.0
1958,Super Power,0.0
1958,Magic,0.0
1958,Shoujo,0.0
1958,Cars,0.0
1958,Horror,0.0
1958,Martial Arts,0.0
1958,Parody,0.0
1958,Police,0.0
1958,Hentai,0.0
1958,Psychological,0.0
1958,Vampire,0.0
1958,Seinen,0.0
1958,Shounen Ai,0.0
1958,Game,0.0
1958,Yuri,0.0
1958,Thriller,0.0
1958,Josei,0.0
1958,Harem,0.0
1958,Shoujo Ai,0.0
1958,Yaoi,0.0
1959,Comedy,1.0
1959,Drama,0.0
1959,Kids,1.0
1959,Samurai,0.0
1959,Demons,0.0
1959,Fantasy,2.0
1959,Historical,0.0
1959,Adventure,1.0
1959,Romance,0.0
1959,Action,0.0
1959,Music,0.0
1959,Sports,0.0
1959,Military,0.0
1959,Slice of Life,0.0
1959,Supernatural,0.0
1959,Dementia,0.0
1959,Ecchi,0.0
1959,Mecha,0.0
1959,Sci-Fi,0.0
1959,Shounen,0.0
1959,Mystery,0.0
1959,School,0.0
1959,Space,0.0
1959,Super Power,0.0
1959,Magic,0.0
1959,Shoujo,0.0
1959,Cars,0.0
1959,Horror,0.0
1959,Martial Arts,0.0
1959,Parody,0.0
1959,Police,0.0
1959,Hentai,0.0
1959,Psychological,0.0
1959,Vampire,0.0
1959,Seinen,0.0
1959,Shounen Ai,0.0
1959,Game,0.0
1959,Yuri,0.0
1959,Thriller,0.0
1959,Josei,0.0
1959,Harem,0.0
1959,Shoujo Ai,0.0
1959,Yaoi,0.0
1960,Comedy,0.0
1960,Drama,0.0
1960,Kids,0.0
1960,Samurai,0.0
1960,Demons,0.0
1960,Fantasy,1.0
1960,Historical,0.0
1960,Adventure,1.0
1960,Romance,0.0
1960,Action,0.0
1960,Music,0.0
1960,Sports,0.0
1960,Military,0.0
1960,Slice of Life,0.0
1960,Supernatural,0.0
1960,Dementia,0.0
1960,Ecchi,0.0
1960,Mecha,0.0
1960,Sci-Fi,0.0
1960,Shounen,0.0
1960,Mystery,0.0
1960,School,0.0
1960,Space,0.0
1960,Super Power,0.0
1960,Magic,0.0
1960,Shoujo,0.0
1960,Cars,0.0
1960,Horror,0.0
1960,Martial Arts,0.0
1960,Parody,0.0
1960,Police,0.0
1960,Hentai,0.0
1960,Psychological,0.0
1960,Vampire,0.0
1960,Seinen,0.0
1960,Shounen Ai,0.0
1960,Game,0.0
1960,Yuri,0.0
1960,Thriller,0.0
1960,Josei,0.0
1960,Harem,0.0
1960,Shoujo Ai,0.0
1960,Yaoi,0.0
1961,Comedy,0.0
1961,Drama,0.0
1961,Kids,0.0
1961,Samurai,0.0
1961,Demons,0.0
1961,Fantasy,1.0
1961,Historical,2.0
1961,Adventure,0.0
1961,Romance,0.0
1961,Action,0.0
1961,Music,0.0
1961,Sports,0.0
1961,Military,0.0
1961,Slice of Life,0.0
1961,Supernatural,0.0
1961,Dementia,0.0
1961,Ecchi,0.0
1961,Mecha,0.0
1961,Sci-Fi,0.0
1961,Shounen,0.0
1961,Mystery,0.0
1961,School,0.0
1961,Space,0.0
1961,Super Power,0.0
1961,Magic,0.0
1961,Shoujo,0.0
1961,Cars,0.0
1961,Horror,0.0
1961,Martial Arts,0.0
1961,Parody,0.0
1961,Police,0.0
1961,Hentai,0.0
1961,Psychological,0.0
1961,Vampire,0.0
1961,Seinen,0.0
1961,Shounen Ai,0.0
1961,Game,0.0
1961,Yuri,0.0
1961,Thriller,0.0
1961,Josei,0.0
1961,Harem,0.0
1961,Shoujo Ai,0.0
1961,Yaoi,0.0
1962,Comedy,0.0
1962,Drama,1.0
1962,Kids,1.0
1962,Samurai,0.0
1962,Demons,0.0
1962,Fantasy,1.0
1962,Historical,2.0
1962,Adventure,2.0
1962,Romance,1.0
1962,Action,1.0
1962,Music,1.0
1962,Sports,0.0
1962,Military,0.0
1962,Slice of Life,3.0
1962,Supernatural,0.0
1962,Dementia,1.0
1962,Ecchi,0.0
1962,Mecha,0.0
1962,Sci-Fi,0.0
1962,Shounen,0.0
1962,Mystery,0.0
1962,School,0.0
1962,Space,0.0
1962,Super Power,0.0
1962,Magic,0.0
1962,Shoujo,0.0
1962,Cars,0.0
1962,Horror,0.0
1962,Martial Arts,0.0
1962,Parody,0.0
1962,Police,0.0
1962,Hentai,0.0
1962,Psychological,0.0
1962,Vampire,0.0
1962,Seinen,0.0
1962,Shounen Ai,0.0
1962,Game,0.0
1962,Yuri,0.0
1962,Thriller,0.0
1962,Josei,0.0
1962,Harem,0.0
1962,Shoujo Ai,0.0
1962,Yaoi,0.0
1963,Comedy,1.0
1963,Drama,3.0
1963,Kids,2.0
1963,Samurai,0.0
1963,Demons,0.0
1963,Fantasy,1.0
1963,Historical,0.0
1963,Adventure,7.0
1963,Romance,0.0
1963,Action,3.0
1963,Music,1.0
1963,Sports,0.0
1963,Military,0.0
1963,Slice of Life,0.0
1963,Supernatural,0.0
1963,Dementia,0.0
1963,Ecchi,1.0
1963,Mecha,3.0
1963,Sci-Fi,3.0
1963,Shounen,2.0
1963,Mystery,0.0
1963,School,0.0
1963,Space,0.0
1963,Super Power,0.0
1963,Magic,0.0
1963,Shoujo,0.0
1963,Cars,0.0
1963,Horror,0.0
1963,Martial Arts,0.0
1963,Parody,0.0
1963,Police,0.0
1963,Hentai,0.0
1963,Psychological,0.0
1963,Vampire,0.0
1963,Seinen,0.0
1963,Shounen Ai,0.0
1963,Game,0.0
1963,Yuri,0.0
1963,Thriller,0.0
1963,Josei,0.0
1963,Harem,0.0
1963,Shoujo Ai,0.0
1963,Yaoi,0.0
1964,Comedy,0.0
1964,Drama,1.0
1964,Kids,3.0
1964,Samurai,2.0
1964,Demons,0.0
1964,Fantasy,2.0
1964,Historical,2.0
1964,Adventure,6.0
1964,Romance,0.0
1964,Action,4.0
1964,Music,2.0
1964,Sports,0.0
1964,Military,1.0
1964,Slice of Life,0.0
1964,Supernatural,0.0
1964,Dementia,0.0
1964,Ecchi,0.0
1964,Mecha,2.0
1964,Sci-Fi,3.0
1964,Shounen,5.0
1964,Mystery,1.0
1964,School,0.0
1964,Space,0.0
1964,Super Power,0.0
1964,Magic,0.0
1964,Shoujo,0.0
1964,Cars,0.0
1964,Horror,0.0
1964,Martial Arts,0.0
1964,Parody,0.0
1964,Police,0.0
1964,Hentai,0.0
1964,Psychological,0.0
1964,Vampire,0.0
1964,Seinen,0.0
1964,Shounen Ai,0.0
1964,Game,0.0
1964,Yuri,0.0
1964,Thriller,0.0
1964,Josei,0.0
1964,Harem,0.0
1964,Shoujo Ai,0.0
1964,Yaoi,0.0
1965,Comedy,6.0
1965,Drama,0.0
1965,Kids,5.0
1965,Samurai,0.0
1965,Demons,0.0
1965,Fantasy,1.0
1965,Historical,0.0
1965,Adventure,8.0
1965,Romance,0.0
1965,Action,7.0
1965,Music,0.0
1965,Sports,0.0
1965,Military,0.0
1965,Slice of Life,1.0
1965,Supernatural,1.0
1965,Dementia,0.0
1965,Ecchi,0.0
1965,Mecha,0.0
1965,Sci-Fi,9.0
1965,Shounen,2.0
1965,Mystery,0.0
1965,School,1.0
1965,Space,2.0
1965,Super Power,2.0
1965,Magic,0.0
1965,Shoujo,0.0
1965,Cars,0.0
1965,Horror,0.0
1965,Martial Arts,0.0
1965,Parody,0.0
1965,Police,0.0
1965,Hentai,0.0
1965,Psychological,0.0
1965,Vampire,0.0
1965,Seinen,0.0
1965,Shounen Ai,0.0
1965,Game,0.0
1965,Yuri,0.0
1965,Thriller,0.0
1965,Josei,0.0
1965,Harem,0.0
1965,Shoujo Ai,0.0
1965,Yaoi,0.0
1966,Comedy,6.0
1966,Drama,1.0
1966,Kids,4.0
1966,Samurai,0.0
1966,Demons,0.0
1966,Fantasy,2.0
1966,Historical,1.0
1966,Adventure,8.0
1966,Romance,0.0
1966,Action,3.0
1966,Music,2.0
1966,Sports,0.0
1966,Military,0.0
1966,Slice of Life,2.0
1966,Supernatural,0.0
1966,Dementia,0.0
1966,Ecchi,0.0
1966,Mecha,0.0
1966,Sci-Fi,5.0
1966,Shounen,4.0
1966,Mystery,1.0
1966,School,2.0
1966,Space,0.0
1966,Super Power,0.0
1966,Magic,1.0
1966,Shoujo,1.0
1966,Cars,0.0
1966,Horror,0.0
1966,Martial Arts,0.0
1966,Parody,0.0
1966,Police,0.0
1966,Hentai,0.0
1966,Psychological,0.0
1966,Vampire,0.0
1966,Seinen,0.0
1966,Shounen Ai,0.0
1966,Game,0.0
1966,Yuri,0.0
1966,Thriller,0.0
1966,Josei,0.0
1966,Harem,0.0
1966,Shoujo Ai,0.0
1966,Yaoi,0.0
1967,Comedy,7.0
1967,Drama,0.0
1967,Kids,5.0
1967,Samurai,0.0
1967,Demons,0.0
1967,Fantasy,4.0
1967,Historical,2.0
1967,Adventure,12.0
1967,Romance,1.0
1967,Action,6.0
1967,Music,0.0
1967,Sports,1.0
1967,Military,0.0
1967,Slice of Life,0.0
1967,Supernatural,1.0
1967,Dementia,0.0
1967,Ecchi,0.0
1967,Mecha,0.0
1967,Sci-Fi,5.0
1967,Shounen,3.0
1967,Mystery,1.0
1967,School,0.0
1967,Space,0.0
1967,Super Power,1.0
1967,Magic,0.0
1967,Shoujo,0.0
1967,Cars,1.0
1967,Horror,1.0
1967,Martial Arts,1.0
1967,Parody,0.0
1967,Police,0.0
1967,Hentai,0.0
1967,Psychological,0.0
1967,Vampire,0.0
1967,Seinen,0.0
1967,Shounen Ai,0.0
1967,Game,0.0
1967,Yuri,0.0
1967,Thriller,0.0
1967,Josei,0.0
1967,Harem,0.0
1967,Shoujo Ai,0.0
1967,Yaoi,0.0
1968,Comedy,6.0
1968,Drama,4.0
1968,Kids,3.0
1968,Samurai,1.0
1968,Demons,2.0
1968,Fantasy,4.0
1968,Historical,3.0
1968,Adventure,6.0
1968,Romance,0.0
1968,Action,8.0
1968,Music,1.0
1968,Sports,2.0
1968,Military,1.0
1968,Slice of Life,2.0
1968,Supernatural,1.0
1968,Dementia,1.0
1968,Ecchi,0.0
1968,Mecha,1.0
1968,Sci-Fi,4.0
1968,Shounen,4.0
1968,Mystery,1.0
1968,School,1.0
1968,Space,0.0
1968,Super Power,1.0
1968,Magic,1.0
1968,Shoujo,0.0
1968,Cars,0.0
1968,Horror,3.0
1968,Martial Arts,2.0
1968,Parody,1.0
1968,Police,1.0
1968,Hentai,0.0
1968,Psychological,0.0
1968,Vampire,0.0
1968,Seinen,0.0
1968,Shounen Ai,0.0
1968,Game,0.0
1968,Yuri,0.0
1968,Thriller,0.0
1968,Josei,0.0
1968,Harem,0.0
1968,Shoujo Ai,0.0
1968,Yaoi,0.0
1969,Comedy,7.0
1969,Drama,8.0
1969,Kids,5.0
1969,Samurai,1.0
1969,Demons,0.0
1969,Fantasy,4.0
1969,Historical,1.0
1969,Adventure,8.0
1969,Romance,0.0
1969,Action,7.0
1969,Music,1.0
1969,Sports,6.0
1969,Military,0.0
1969,Slice of Life,5.0
1969,Supernatural,1.0
1969,Dementia,0.0
1969,Ecchi,0.0
1969,Mecha,1.0
1969,Sci-Fi,3.0
1969,Shounen,2.0
1969,Mystery,0.0
1969,School,1.0
1969,Space,0.0
1969,Super Power,0.0
1969,Magic,1.0
1969,Shoujo,2.0
1969,Cars,0.0
1969,Horror,0.0
1969,Martial Arts,2.0
1969,Parody,0.0
1969,Police,0.0
1969,Hentai,2.0
1969,Psychological,0.0
1969,Vampire,0.0
1969,Seinen,0.0
1969,Shounen Ai,0.0
1969,Game,0.0
1969,Yuri,0.0
1969,Thriller,0.0
1969,Josei,0.0
1969,Harem,0.0
1969,Shoujo Ai,0.0
1969,Yaoi,0.0
1970,Comedy,9.0
1970,Drama,9.0
1970,Kids,7.0
1970,Samurai,0.0
1970,Demons,0.0
1970,Fantasy,4.0
1970,Historical,3.0
1970,Adventure,4.0
1970,Romance,1.0
1970,Action,1.0
1970,Music,2.0
1970,Sports,13.0
1970,Military,0.0
1970,Slice of Life,3.0
1970,Supernatural,0.0
1970,Dementia,0.0
1970,Ecchi,0.0
1970,Mecha,0.0
1970,Sci-Fi,0.0
1970,Shounen,3.0
1970,Mystery,0.0
1970,School,0.0
1970,Space,0.0
1970,Super Power,0.0
1970,Magic,1.0
1970,Shoujo,4.0
1970,Cars,0.0
1970,Horror,0.0
1970,Martial Arts,0.0
1970,Parody,0.0
1970,Police,0.0
1970,Hentai,1.0
1970,Psychological,0.0
1970,Vampire,0.0
1970,Seinen,0.0
1970,Shounen Ai,0.0
1970,Game,0.0
1970,Yuri,0.0
1970,Thriller,0.0
1970,Josei,0.0
1970,Harem,0.0
1970,Shoujo Ai,0.0
1970,Yaoi,0.0
1971,Comedy,7.0
1971,Drama,3.0
1971,Kids,4.0
1971,Samurai,1.0
1971,Demons,1.0
1971,Fantasy,1.0
1971,Historical,2.0
1971,Adventure,6.0
1971,Romance,1.0
1971,Action,6.0
1971,Music,1.0
1971,Sports,3.0
1971,Military,1.0
1971,Slice of Life,2.0
1971,Supernatural,2.0
1971,Dementia,0.0
1971,Ecchi,0.0
1971,Mecha,0.0
1971,Sci-Fi,2.0
1971,Shounen,2.0
1971,Mystery,0.0
1971,School,4.0
1971,Space,0.0
1971,Super Power,1.0
1971,Magic,2.0
1971,Shoujo,2.0
1971,Cars,0.0
1971,Horror,0.0
1971,Martial Arts,1.0
1971,Parody,0.0
1971,Police,0.0
1971,Hentai,1.0
1971,Psychological,0.0
1971,Vampire,0.0
1971,Seinen,0.0
1971,Shounen Ai,0.0
1971,Game,0.0
1971,Yuri,0.0
1971,Thriller,0.0
1971,Josei,0.0
1971,Harem,0.0
1971,Shoujo Ai,0.0
1971,Yaoi,0.0
1972,Comedy,5.0
1972,Drama,1.0
1972,Kids,5.0
1972,Samurai,0.0
1972,Demons,1.0
1972,Fantasy,4.0
1972,Historical,1.0
1972,Adventure,9.0
1972,Romance,1.0
1972,Action,6.0
1972,Music,0.0
1972,Sports,1.0
1972,Military,0.0
1972,Slice of Life,2.0
1972,Supernatural,2.0
1972,Dementia,0.0
1972,Ecchi,0.0
1972,Mecha,3.0
1972,Sci-Fi,4.0
1972,Shounen,3.0
1972,Mystery,1.0
1972,School,0.0
1972,Space,0.0
1972,Super Power,0.0
1972,Magic,1.0
1972,Shoujo,1.0
1972,Cars,0.0
1972,Horror,1.0
1972,Martial Arts,0.0
1972,Parody,0.0
1972,Police,0.0
1972,Hentai,0.0
1972,Psychological,0.0
1972,Vampire,0.0
1972,Seinen,0.0
1972,Shounen Ai,0.0
1972,Game,0.0
1972,Yuri,0.0
1972,Thriller,0.0
1972,Josei,0.0
1972,Harem,0.0
1972,Shoujo Ai,0.0
1972,Yaoi,0.0
1973,Comedy,6.0
1973,Drama,2.0
1973,Kids,3.0
1973,Samurai,0.0
1973,Demons,2.0
1973,Fantasy,4.0
1973,Historical,2.0
1973,Adventure,9.0
1973,Romance,1.0
1973,Action,5.0
1973,Music,1.0
1973,Sports,3.0
1973,Military,0.0
1973,Slice of Life,0.0
1973,Supernatural,2.0
1973,Dementia,0.0
1973,Ecchi,0.0
1973,Mecha,2.0
1973,Sci-Fi,6.0
1973,Shounen,5.0
1973,Mystery,0.0
1973,School,3.0
1973,Space,0.0
1973,Super Power,1.0
1973,Magic,1.0
1973,Shoujo,2.0
1973,Cars,0.0
1973,Horror,1.0
1973,Martial Arts,1.0
1973,Parody,0.0
1973,Police,0.0
1973,Hentai,1.0
1973,Psychological,0.0
1973,Vampire,0.0
1973,Seinen,0.0
1973,Shounen Ai,0.0
1973,Game,0.0
1973,Yuri,0.0
1973,Thriller,0.0
1973,Josei,0.0
1973,Harem,0.0
1973,Shoujo Ai,0.0
1973,Yaoi,0.0
1974,Comedy,10.0
1974,Drama,5.0
1974,Kids,7.0
1974,Samurai,0.0
1974,Demons,0.0
1974,Fantasy,6.0
1974,Historical,3.0
1974,Adventure,9.0
1974,Romance,0.0
1974,Action,7.0
1974,Music,1.0
1974,Sports,1.0
1974,Military,1.0
1974,Slice of Life,2.0
1974,Supernatural,0.0
1974,Dementia,0.0
1974,Ecchi,0.0
1974,Mecha,4.0
1974,Sci-Fi,9.0
1974,Shounen,5.0
1974,Mystery,0.0
1974,School,0.0
1974,Space,1.0
1974,Super Power,1.0
1974,Magic,2.0
1974,Shoujo,1.0
1974,Cars,0.0
1974,Horror,0.0
1974,Martial Arts,0.0
1974,Parody,0.0
1974,Police,1.0
1974,Hentai,0.0
1974,Psychological,1.0
1974,Vampire,0.0
1974,Seinen,0.0
1974,Shounen Ai,0.0
1974,Game,0.0
1974,Yuri,0.0
1974,Thriller,0.0
1974,Josei,0.0
1974,Harem,0.0
1974,Shoujo Ai,0.0
1974,Yaoi,0.0
1975,Comedy,5.0
1975,Drama,4.0
1975,Kids,9.0
1975,Samurai,0.0
1975,Demons,1.0
1975,Fantasy,3.0
1975,Historical,7.0
1975,Adventure,12.0
1975,Romance,3.0
1975,Action,7.0
1975,Music,1.0
1975,Sports,0.0
1975,Military,0.0
1975,Slice of Life,3.0
1975,Supernatural,0.0
1975,Dementia,0.0
1975,Ecchi,0.0
1975,Mecha,9.0
1975,Sci-Fi,8.0
1975,Shounen,6.0
1975,Mystery,0.0
1975,School,0.0
1975,Space,2.0
1975,Super Power,0.0
1975,Magic,1.0
1975,Shoujo,3.0
1975,Cars,0.0
1975,Horror,0.0
1975,Martial Arts,0.0
1975,Parody,0.0
1975,Police,0.0
1975,Hentai,0.0
1975,Psychological,0.0
1975,Vampire,1.0
1975,Seinen,0.0
1975,Shounen Ai,0.0
1975,Game,0.0
1975,Yuri,0.0
1975,Thriller,0.0
1975,Josei,0.0
1975,Harem,0.0
1975,Shoujo Ai,0.0
1975,Yaoi,0.0
1976,Comedy,5.0
1976,Drama,6.0
1976,Kids,8.0
1976,Samurai,1.0
1976,Demons,1.0
1976,Fantasy,3.0
1976,Historical,6.0
1976,Adventure,15.0
1976,Romance,1.0
1976,Action,12.0
1976,Music,0.0
1976,Sports,2.0
1976,Military,0.0
1976,Slice of Life,7.0
1976,Supernatural,2.0
1976,Dementia,0.0
1976,Ecchi,0.0
1976,Mecha,13.0
1976,Sci-Fi,12.0
1976,Shounen,5.0
1976,Mystery,0.0
1976,School,1.0
1976,Space,0.0
1976,Super Power,0.0
1976,Magic,1.0
1976,Shoujo,1.0
1976,Cars,1.0
1976,Horror,1.0
1976,Martial Arts,0.0
1976,Parody,0.0
1976,Police,0.0
1976,Hentai,0.0
1976,Psychological,1.0
1976,Vampire,0.0
1976,Seinen,2.0
1976,Shounen Ai,0.0
1976,Game,0.0
1976,Yuri,0.0
1976,Thriller,0.0
1976,Josei,0.0
1976,Harem,0.0
1976,Shoujo Ai,0.0
1976,Yaoi,0.0
1977,Comedy,5.0
1977,Drama,11.0
1977,Kids,6.0
1977,Samurai,0.0
1977,Demons,0.0
1977,Fantasy,3.0
1977,Historical,8.0
1977,Adventure,8.0
1977,Romance,0.0
1977,Action,13.0
1977,Music,2.0
1977,Sports,7.0
1977,Military,3.0
1977,Slice of Life,3.0
1977,Supernatural,0.0
1977,Dementia,0.0
1977,Ecchi,0.0
1977,Mecha,11.0
1977,Sci-Fi,13.0
1977,Shounen,8.0
1977,Mystery,2.0
1977,School,1.0
1977,Space,2.0
1977,Super Power,1.0
1977,Magic,0.0
1977,Shoujo,3.0
1977,Cars,4.0
1977,Horror,0.0
1977,Martial Arts,0.0
1977,Parody,1.0
1977,Police,0.0
1977,Hentai,0.0
1977,Psychological,0.0
1977,Vampire,0.0
1977,Seinen,0.0
1977,Shounen Ai,0.0
1977,Game,0.0
1977,Yuri,0.0
1977,Thriller,0.0
1977,Josei,0.0
1977,Harem,0.0
1977,Shoujo Ai,0.0
1977,Yaoi,0.0
1978,Comedy,5.0
1978,Drama,17.0
1978,Kids,3.0
1978,Samurai,0.0
1978,Demons,0.0
1978,Fantasy,3.0
1978,Historical,5.0
1978,Adventure,20.0
1978,Romance,3.0
1978,Action,13.0
1978,Music,3.0
1978,Sports,2.0
1978,Military,2.0
1978,Slice of Life,4.0
1978,Supernatural,1.0
1978,Dementia,0.0
1978,Ecchi,0.0
1978,Mecha,7.0
1978,Sci-Fi,18.0
1978,Shounen,8.0
1978,Mystery,2.0
1978,School,2.0
1978,Space,8.0
1978,Super Power,1.0
1978,Magic,1.0
1978,Shoujo,5.0
1978,Cars,0.0
1978,Horror,0.0
1978,Martial Arts,0.0
1978,Parody,0.0
1978,Police,0.0
1978,Hentai,0.0
1978,Psychological,0.0
1978,Vampire,0.0
1978,Seinen,1.0
1978,Shounen Ai,0.0
1978,Game,0.0
1978,Yuri,0.0
1978,Thriller,0.0
1978,Josei,0.0
1978,Harem,0.0
1978,Shoujo Ai,0.0
1978,Yaoi,0.0
1979,Comedy,9.0
1979,Drama,24.0
1979,Kids,8.0
1979,Samurai,0.0
1979,Demons,2.0
1979,Fantasy,9.0
1979,Historical,12.0
1979,Adventure,28.0
1979,Romance,4.0
1979,Action,12.0
1979,Music,3.0
1979,Sports,6.0
1979,Military,3.0
1979,Slice of Life,3.0
1979,Supernatural,2.0
1979,Dementia,0.0
1979,Ecchi,0.0
1979,Mecha,6.0
1979,Sci-Fi,19.0
1979,Shounen,10.0
1979,Mystery,2.0
1979,School,2.0
1979,Space,7.0
1979,Super Power,2.0
1979,Magic,1.0
1979,Shoujo,5.0
1979,Cars,0.0
1979,Horror,0.0
1979,Martial Arts,0.0
1979,Parody,0.0
1979,Police,0.0
1979,Hentai,0.0
1979,Psychological,0.0
1979,Vampire,0.0
1979,Seinen,0.0
1979,Shounen Ai,0.0
1979,Game,0.0
1979,Yuri,0.0
1979,Thriller,0.0
1979,Josei,0.0
1979,Harem,0.0
1979,Shoujo Ai,0.0
1979,Yaoi,0.0
1980,Comedy,22.0
1980,Drama,17.0
1980,Kids,11.0
1980,Samurai,0.0
1980,Demons,1.0
1980,Fantasy,10.0
1980,Historical,12.0
1980,Adventure,23.0
1980,Romance,4.0
1980,Action,12.0
1980,Music,2.0
1980,Sports,7.0
1980,Military,2.0
1980,Slice of Life,8.0
1980,Supernatural,2.0
1980,Dementia,0.0
1980,Ecchi,1.0
1980,Mecha,7.0
1980,Sci-Fi,19.0
1980,Shounen,7.0
1980,Mystery,0.0
1980,School,0.0
1980,Space,10.0
1980,Super Power,1.0
1980,Magic,5.0
1980,Shoujo,5.0
1980,Cars,0.0
1980,Horror,2.0
1980,Martial Arts,0.0
1980,Parody,1.0
1980,Police,0.0
1980,Hentai,0.0
1980,Psychological,0.0
1980,Vampire,1.0
1980,Seinen,0.0
1980,Shounen Ai,0.0
1980,Game,0.0
1980,Yuri,0.0
1980,Thriller,0.0
1980,Josei,0.0
1980,Harem,0.0
1980,Shoujo Ai,0.0
1980,Yaoi,0.0
1981,Comedy,31.0
1981,Drama,23.0
1981,Kids,16.0
1981,Samurai,0.0
1981,Demons,1.0
1981,Fantasy,12.0
1981,Historical,13.0
1981,Adventure,26.0
1981,Romance,4.0
1981,Action,15.0
1981,Music,3.0
1981,Sports,5.0
1981,Military,3.0
1981,Slice of Life,13.0
1981,Supernatural,1.0
1981,Dementia,0.0
1981,Ecchi,2.0
1981,Mecha,12.0
1981,Sci-Fi,27.0
1981,Shounen,15.0
1981,Mystery,2.0
1981,School,2.0
1981,Space,10.0
1981,Super Power,0.0
1981,Magic,0.0
1981,Shoujo,4.0
1981,Cars,0.0
1981,Horror,2.0
1981,Martial Arts,2.0
1981,Parody,1.0
1981,Police,0.0
1981,Hentai,0.0
1981,Psychological,0.0
1981,Vampire,0.0
1981,Seinen,4.0
1981,Shounen Ai,1.0
1981,Game,0.0
1981,Yuri,0.0
1981,Thriller,0.0
1981,Josei,0.0
1981,Harem,0.0
1981,Shoujo Ai,0.0
1981,Yaoi,0.0
1982,Comedy,22.0
1982,Drama,20.0
1982,Kids,8.0
1982,Samurai,0.0
1982,Demons,0.0
1982,Fantasy,7.0
1982,Historical,11.0
1982,Adventure,26.0
1982,Romance,7.0
1982,Action,21.0
1982,Music,3.0
1982,Sports,5.0
1982,Military,5.0
1982,Slice of Life,12.0
1982,Supernatural,1.0
1982,Dementia,0.0
1982,Ecchi,0.0
1982,Mecha,17.0
1982,Sci-Fi,28.0
1982,Shounen,7.0
1982,Mystery,0.0
1982,School,2.0
1982,Space,14.0
1982,Super Power,0.0
1982,Magic,2.0
1982,Shoujo,5.0
1982,Cars,0.0
1982,Horror,2.0
1982,Martial Arts,2.0
1982,Parody,2.0
1982,Police,1.0
1982,Hentai,0.0
1982,Psychological,0.0
1982,Vampire,2.0
1982,Seinen,2.0
1982,Shounen Ai,1.0
1982,Game,1.0
1982,Yuri,0.0
1982,Thriller,0.0
1982,Josei,0.0
1982,Harem,0.0
1982,Shoujo Ai,0.0
1982,Yaoi,0.0
1983,Comedy,24.0
1983,Drama,11.0
1983,Kids,18.0
1983,Samurai,0.0
1983,Demons,0.0
1983,Fantasy,12.0
1983,Historical,6.0
1983,Adventure,26.0
1983,Romance,11.0
1983,Action,23.0
1983,Music,2.0
1983,Sports,9.0
1983,Military,5.0
1983,Slice of Life,3.0
1983,Supernatural,1.0
1983,Dementia,0.0
1983,Ecchi,0.0
1983,Mecha,18.0
1983,Sci-Fi,24.0
1983,Shounen,13.0
1983,Mystery,3.0
1983,School,7.0
1983,Space,5.0
1983,Super Power,4.0
1983,Magic,2.0
1983,Shoujo,4.0
1983,Cars,0.0
1983,Horror,0.0
1983,Martial Arts,1.0
1983,Parody,1.0
1983,Police,1.0
1983,Hentai,0.0
1983,Psychological,0.0
1983,Vampire,0.0
1983,Seinen,2.0
1983,Shounen Ai,1.0
1983,Game,0.0
1983,Yuri,0.0
1983,Thriller,0.0
1983,Josei,0.0
1983,Harem,0.0
1983,Shoujo Ai,0.0
1983,Yaoi,0.0
1984,Comedy,28.0
1984,Drama,13.0
1984,Kids,10.0
1984,Samurai,0.0
1984,Demons,0.0
1984,Fantasy,10.0
1984,Historical,6.0
1984,Adventure,25.0
1984,Romance,13.0
1984,Action,28.0
1984,Music,3.0
1984,Sports,10.0
1984,Military,2.0
1984,Slice of Life,6.0
1984,Supernatural,0.0
1984,Dementia,0.0
1984,Ecchi,0.0
1984,Mecha,14.0
1984,Sci-Fi,25.0
1984,Shounen,8.0
1984,Mystery,2.0
1984,School,5.0
1984,Space,4.0
1984,Super Power,4.0
1984,Magic,3.0
1984,Shoujo,6.0
1984,Cars,2.0
1984,Horror,0.0
1984,Martial Arts,2.0
1984,Parody,4.0
1984,Police,2.0
1984,Hentai,7.0
1984,Psychological,1.0
1984,Vampire,0.0
1984,Seinen,0.0
1984,Shounen Ai,0.0
1984,Game,0.0
1984,Yuri,1.0
1984,Thriller,0.0
1984,Josei,0.0
1984,Harem,0.0
1984,Shoujo Ai,0.0
1984,Yaoi,0.0
1985,Comedy,26.0
1985,Drama,19.0
1985,Kids,8.0
1985,Samurai,0.0
1985,Demons,1.0
1985,Fantasy,16.0
1985,Historical,5.0
1985,Adventure,28.0
1985,Romance,14.0
1985,Action,32.0
1985,Music,3.0
1985,Sports,9.0
1985,Military,8.0
1985,Slice of Life,7.0
1985,Supernatural,6.0
1985,Dementia,2.0
1985,Ecchi,2.0
1985,Mecha,17.0
1985,Sci-Fi,34.0
1985,Shounen,18.0
1985,Mystery,2.0
1985,School,4.0
1985,Space,8.0
1985,Super Power,2.0
1985,Magic,8.0
1985,Shoujo,8.0
1985,Cars,1.0
1985,Horror,2.0
1985,Martial Arts,1.0
1985,Parody,4.0
1985,Police,5.0
1985,Hentai,15.0
1985,Psychological,1.0
1985,Vampire,1.0
1985,Seinen,1.0
1985,Shounen Ai,0.0
1985,Game,0.0
1985,Yuri,1.0
1985,Thriller,0.0
1985,Josei,0.0
1985,Harem,0.0
1985,Shoujo Ai,0.0
1985,Yaoi,0.0
1986,Comedy,45.0
1986,Drama,27.0
1986,Kids,18.0
1986,Samurai,0.0
1986,Demons,2.0
1986,Fantasy,25.0
1986,Historical,9.0
1986,Adventure,37.0
1986,Romance,19.0
1986,Action,45.0
1986,Music,5.0
1986,Sports,13.0
1986,Military,6.0
1986,Slice of Life,7.0
1986,Supernatural,3.0
1986,Dementia,0.0
1986,Ecchi,3.0
1986,Mecha,13.0
1986,Sci-Fi,38.0
1986,Shounen,22.0
1986,Mystery,3.0
1986,School,5.0
1986,Space,10.0
1986,Super Power,8.0
1986,Magic,6.0
1986,Shoujo,14.0
1986,Cars,0.0
1986,Horror,7.0
1986,Martial Arts,1.0
1986,Parody,3.0
1986,Police,0.0
1986,Hentai,1.0
1986,Psychological,0.0
1986,Vampire,0.0
1986,Seinen,5.0
1986,Shounen Ai,0.0
1986,Game,0.0
1986,Yuri,0.0
1986,Thriller,1.0
1986,Josei,0.0
1986,Harem,0.0
1986,Shoujo Ai,0.0
1986,Yaoi,0.0
1987,Comedy,34.0
1987,Drama,32.0
1987,Kids,19.0
1987,Samurai,1.0
1987,Demons,6.0
1987,Fantasy,16.0
1987,Historical,14.0
1987,Adventure,33.0
1987,Romance,11.0
1987,Action,36.0
1987,Music,5.0
1987,Sports,7.0
1987,Military,8.0
1987,Slice of Life,8.0
1987,Supernatural,7.0
1987,Dementia,1.0
1987,Ecchi,7.0
1987,Mecha,20.0
1987,Sci-Fi,43.0
1987,Shounen,23.0
1987,Mystery,10.0
1987,School,11.0
1987,Space,9.0
1987,Super Power,9.0
1987,Magic,4.0
1987,Shoujo,6.0
1987,Cars,0.0
1987,Horror,11.0
1987,Martial Arts,6.0
1987,Parody,3.0
1987,Police,3.0
1987,Hentai,4.0
1987,Psychological,2.0
1987,Vampire,0.0
1987,Seinen,1.0
1987,Shounen Ai,1.0
1987,Game,0.0
1987,Yuri,1.0
1987,Thriller,0.0
1987,Josei,0.0
1987,Harem,0.0
1987,Shoujo Ai,0.0
1987,Yaoi,0.0
1988,Comedy,47.0
1988,Drama,28.0
1988,Kids,18.0
1988,Samurai,2.0
1988,Demons,5.0
1988,Fantasy,21.0
1988,Historical,11.0
1988,Adventure,36.0
1988,Romance,11.0
1988,Action,39.0
1988,Music,5.0
1988,Sports,11.0
1988,Military,10.0
1988,Slice of Life,9.0
1988,Supernatural,10.0
1988,Dementia,0.0
1988,Ecchi,4.0
1988,Mecha,19.0
1988,Sci-Fi,38.0
1988,Shounen,24.0
1988,Mystery,4.0
1988,School,8.0
1988,Space,10.0
1988,Super Power,6.0
1988,Magic,8.0
1988,Shoujo,8.0
1988,Cars,1.0
1988,Horror,7.0
1988,Martial Arts,8.0
1988,Parody,3.0
1988,Police,4.0
1988,Hentai,4.0
1988,Psychological,2.0
1988,Vampire,1.0
1988,Seinen,8.0
1988,Shounen Ai,0.0
1988,Game,1.0
1988,Yuri,0.0
1988,Thriller,0.0
1988,Josei,0.0
1988,Harem,0.0
1988,Shoujo Ai,0.0
1988,Yaoi,0.0
1989,Comedy,57.0
1989,Drama,25.0
1989,Kids,25.0
1989,Samurai,5.0
1989,Demons,10.0
1989,Fantasy,39.0
1989,Historical,10.0
1989,Adventure,51.0
1989,Romance,14.0
1989,Action,51.0
1989,Music,6.0
1989,Sports,9.0
1989,Military,5.0
1989,Slice of Life,4.0
1989,Supernatural,9.0
1989,Dementia,0.0
1989,Ecchi,7.0
1989,Mecha,17.0
1989,Sci-Fi,41.0
1989,Shounen,28.0
1989,Mystery,5.0
1989,School,6.0
1989,Space,8.0
1989,Super Power,10.0
1989,Magic,12.0
1989,Shoujo,9.0
1989,Cars,1.0
1989,Horror,10.0
1989,Martial Arts,10.0
1989,Parody,8.0
1989,Police,5.0
1989,Hentai,6.0
1989,Psychological,0.0
1989,Vampire,0.0
1989,Seinen,12.0
1989,Shounen Ai,2.0
1989,Game,0.0
1989,Yuri,0.0
1989,Thriller,0.0
1989,Josei,1.0
1989,Harem,0.0
1989,Shoujo Ai,0.0
1989,Yaoi,0.0
1990,Comedy,71.0
1990,Drama,22.0
1990,Kids,20.0
1990,Samurai,1.0
1990,Demons,8.0
1990,Fantasy,40.0
1990,Historical,18.0
1990,Adventure,49.0
1990,Romance,17.0
1990,Action,37.0
1990,Music,6.0
1990,Sports,9.0
1990,Military,0.0
1990,Slice of Life,13.0
1990,Supernatural,9.0
1990,Dementia,2.0
1990,Ecchi,6.0
1990,Mecha,17.0
1990,Sci-Fi,34.0
1990,Shounen,24.0
1990,Mystery,6.0
1990,School,10.0
1990,Space,2.0
1990,Super Power,5.0
1990,Magic,13.0
1990,Shoujo,15.0
1990,Cars,2.0
1990,Horror,9.0
1990,Martial Arts,6.0
1990,Parody,6.0
1990,Police,6.0
1990,Hentai,12.0
1990,Psychological,2.0
1990,Vampire,1.0
1990,Seinen,10.0
1990,Shounen Ai,0.0
1990,Game,2.0
1990,Yuri,0.0
1990,Thriller,2.0
1990,Josei,1.0
1990,Harem,2.0
1990,Shoujo Ai,0.0
1990,Yaoi,0.0
1991,Comedy,63.0
1991,Drama,38.0
1991,Kids,24.0
1991,Samurai,2.0
1991,Demons,10.0
1991,Fantasy,40.0
1991,Historical,14.0
1991,Adventure,48.0
1991,Romance,15.0
1991,Action,51.0
1991,Music,2.0
1991,Sports,9.0
1991,Military,5.0
1991,Slice of Life,12.0
1991,Supernatural,12.0
1991,Dementia,0.0
1991,Ecchi,9.0
1991,Mecha,15.0
1991,Sci-Fi,34.0
1991,Shounen,29.0
1991,Mystery,10.0
1991,School,16.0
1991,Space,5.0
1991,Super Power,8.0
1991,Magic,11.0
1991,Shoujo,13.0
1991,Cars,1.0
1991,Horror,12.0
1991,Martial Arts,5.0
1991,Parody,6.0
1991,Police,5.0
1991,Hentai,8.0
1991,Psychological,2.0
1991,Vampire,0.0
1991,Seinen,13.0
1991,Shounen Ai,0.0
1991,Game,0.0
1991,Yuri,1.0
1991,Thriller,1.0
1991,Josei,0.0
1991,Harem,0.0
1991,Shoujo Ai,1.0
1991,Yaoi,0.0
1992,Comedy,65.0
1992,Drama,34.0
1992,Kids,38.0
1992,Samurai,1.0
1992,Demons,9.0
1992,Fantasy,44.0
1992,Historical,19.0
1992,Adventure,50.0
1992,Romance,25.0
1992,Action,44.0
1992,Music,2.0
1992,Sports,10.0
1992,Military,6.0
1992,Slice of Life,17.0
1992,Supernatural,7.0
1992,Dementia,0.0
1992,Ecchi,10.0
1992,Mecha,16.0
1992,Sci-Fi,39.0
1992,Shounen,29.0
1992,Mystery,5.0
1992,School,12.0
1992,Space,7.0
1992,Super Power,2.0
1992,Magic,15.0
1992,Shoujo,15.0
1992,Cars,0.0
1992,Horror,5.0
1992,Martial Arts,7.0
1992,Parody,1.0
1992,Police,0.0
1992,Hentai,6.0
1992,Psychological,2.0
1992,Vampire,0.0
1992,Seinen,10.0
1992,Shounen Ai,0.0
1992,Game,1.0
1992,Yuri,0.0
1992,Thriller,0.0
1992,Josei,0.0
1992,Harem,0.0
1992,Shoujo Ai,0.0
1992,Yaoi,2.0
1993,Comedy,59.0
1993,Drama,35.0
1993,Kids,43.0
1993,Samurai,1.0
1993,Demons,4.0
1993,Fantasy,54.0
1993,Historical,15.0
1993,Adventure,35.0
1993,Romance,23.0
1993,Action,41.0
1993,Music,6.0
1993,Sports,6.0
1993,Military,8.0
1993,Slice of Life,11.0
1993,Supernatural,8.0
1993,Dementia,0.0
1993,Ecchi,2.0
1993,Mecha,13.0
1993,Sci-Fi,30.0
1993,Shounen,34.0
1993,Mystery,4.0
1993,School,12.0
1993,Space,6.0
1993,Super Power,2.0
1993,Magic,11.0
1993,Shoujo,15.0
1993,Cars,0.0
1993,Horror,5.0
1993,Martial Arts,9.0
1993,Parody,8.0
1993,Police,2.0
1993,Hentai,2.0
1993,Psychological,0.0
1993,Vampire,1.0
1993,Seinen,5.0
1993,Shounen Ai,0.0
1993,Game,0.0
1993,Yuri,0.0
1993,Thriller,0.0
1993,Josei,0.0
1993,Harem,1.0
1993,Shoujo Ai,0.0
1993,Yaoi,0.0
1994,Comedy,64.0
1994,Drama,39.0
1994,Kids,29.0
1994,Samurai,1.0
1994,Demons,7.0
1994,Fantasy,33.0
1994,Historical,6.0
1994,Adventure,48.0
1994,Romance,30.0
1994,Action,54.0
1994,Music,8.0
1994,Sports,16.0
1994,Military,8.0
1994,Slice of Life,16.0
1994,Supernatural,10.0
1994,Dementia,1.0
1994,Ecchi,10.0
1994,Mecha,18.0
1994,Sci-Fi,42.0
1994,Shounen,39.0
1994,Mystery,2.0
1994,School,10.0
1994,Space,12.0
1994,Super Power,7.0
1994,Magic,16.0
1994,Shoujo,8.0
1994,Cars,0.0
1994,Horror,9.0
1994,Martial Arts,10.0
1994,Parody,9.0
1994,Police,5.0
1994,Hentai,19.0
1994,Psychological,2.0
1994,Vampire,0.0
1994,Seinen,4.0
1994,Shounen Ai,4.0
1994,Game,0.0
1994,Yuri,2.0
1994,Thriller,0.0
1994,Josei,0.0
1994,Harem,2.0
1994,Shoujo Ai,0.0
1994,Yaoi,3.0
1995,Comedy,73.0
1995,Drama,33.0
1995,Kids,25.0
1995,Samurai,0.0
1995,Demons,6.0
1995,Fantasy,44.0
1995,Historical,8.0
1995,Adventure,55.0
1995,Romance,27.0
1995,Action,40.0
1995,Music,10.0
1995,Sports,8.0
1995,Military,4.0
1995,Slice of Life,19.0
1995,Supernatural,7.0
1995,Dementia,2.0
1995,Ecchi,9.0
1995,Mecha,20.0
1995,Sci-Fi,31.0
1995,Shounen,31.0
1995,Mystery,2.0
1995,School,12.0
1995,Space,5.0
1995,Super Power,3.0
1995,Magic,24.0
1995,Shoujo,14.0
1995,Cars,0.0
1995,Horror,13.0
1995,Martial Arts,7.0
1995,Parody,4.0
1995,Police,5.0
1995,Hentai,16.0
1995,Psychological,3.0
1995,Vampire,0.0
1995,Seinen,2.0
1995,Shounen Ai,1.0
1995,Game,0.0
1995,Yuri,3.0
1995,Thriller,0.0
1995,Josei,0.0
1995,Harem,3.0
1995,Shoujo Ai,1.0
1995,Yaoi,1.0
1996,Comedy,76.0
1996,Drama,32.0
1996,Kids,18.0
1996,Samurai,1.0
1996,Demons,7.0
1996,Fantasy,49.0
1996,Historical,12.0
1996,Adventure,60.0
1996,Romance,29.0
1996,Action,49.0
1996,Music,3.0
1996,Sports,8.0
1996,Military,7.0
1996,Slice of Life,18.0
1996,Supernatural,14.0
1996,Dementia,0.0
1996,Ecchi,12.0
1996,Mecha,22.0
1996,Sci-Fi,43.0
1996,Shounen,44.0
1996,Mystery,7.0
1996,School,10.0
1996,Space,9.0
1996,Super Power,9.0
1996,Magic,21.0
1996,Shoujo,9.0
1996,Cars,1.0
1996,Horror,10.0
1996,Martial Arts,7.0
1996,Parody,4.0
1996,Police,7.0
1996,Hentai,28.0
1996,Psychological,1.0
1996,Vampire,2.0
1996,Seinen,5.0
1996,Shounen Ai,1.0
1996,Game,0.0
1996,Yuri,2.0
1996,Thriller,1.0
1996,Josei,1.0
1996,Harem,2.0
1996,Shoujo Ai,0.0
1996,Yaoi,3.0
1997,Comedy,77.0
1997,Drama,27.0
1997,Kids,20.0
1997,Samurai,4.0
1997,Demons,4.0
1997,Fantasy,41.0
1997,Historical,8.0
1997,Adventure,65.0
1997,Romance,23.0
1997,Action,47.0
1997,Music,4.0
1997,Sports,11.0
1997,Military,5.0
1997,Slice of Life,8.0
1997,Supernatural,11.0
1997,Dementia,2.0
1997,Ecchi,11.0
1997,Mecha,18.0
1997,Sci-Fi,34.0
1997,Shounen,42.0
1997,Mystery,6.0
1997,School,10.0
1997,Space,4.0
1997,Super Power,3.0
1997,Magic,11.0
1997,Shoujo,7.0
1997,Cars,4.0
1997,Horror,10.0
1997,Martial Arts,3.0
1997,Parody,1.0
1997,Police,4.0
1997,Hentai,22.0
1997,Psychological,6.0
1997,Vampire,2.0
1997,Seinen,4.0
1997,Shounen Ai,0.0
1997,Game,0.0
1997,Yuri,0.0
1997,Thriller,0.0
1997,Josei,1.0
1997,Harem,3.0
1997,Shoujo Ai,0.0
1997,Yaoi,1.0
1998,Comedy,78.0
1998,Drama,39.0
1998,Kids,26.0
1998,Samurai,2.0
1998,Demons,6.0
1998,Fantasy,40.0
1998,Historical,4.0
1998,Adventure,59.0
1998,Romance,26.0
1998,Action,59.0
1998,Music,6.0
1998,Sports,8.0
1998,Military,11.0
1998,Slice of Life,9.0
1998,Supernatural,16.0
1998,Dementia,2.0
1998,Ecchi,8.0
1998,Mecha,23.0
1998,Sci-Fi,60.0
1998,Shounen,38.0
1998,Mystery,10.0
1998,School,13.0
1998,Space,12.0
1998,Super Power,4.0
1998,Magic,19.0
1998,Shoujo,12.0
1998,Cars,2.0
1998,Horror,9.0
1998,Martial Arts,4.0
1998,Parody,3.0
1998,Police,4.0
1998,Hentai,23.0
1998,Psychological,8.0
1998,Vampire,1.0
1998,Seinen,8.0
1998,Shounen Ai,1.0
1998,Game,2.0
1998,Yuri,0.0
1998,Thriller,0.0
1998,Josei,0.0
1998,Harem,2.0
1998,Shoujo Ai,0.0
1998,Yaoi,0.0
1999,Comedy,89.0
1999,Drama,42.0
1999,Kids,21.0
1999,Samurai,3.0
1999,Demons,6.0
1999,Fantasy,44.0
1999,Historical,6.0
1999,Adventure,75.0
1999,Romance,29.0
1999,Action,54.0
1999,Music,8.0
1999,Sports,1.0
1999,Military,9.0
1999,Slice of Life,12.0
1999,Supernatural,11.0
1999,Dementia,2.0
1999,Ecchi,13.0
1999,Mecha,32.0
1999,Sci-Fi,62.0
1999,Shounen,41.0
1999,Mystery,11.0
1999,School,13.0
1999,Space,10.0
1999,Super Power,11.0
1999,Magic,12.0
1999,Shoujo,8.0
1999,Cars,1.0
1999,Horror,8.0
1999,Martial Arts,6.0
1999,Parody,4.0
1999,Police,7.0
1999,Hentai,28.0
1999,Psychological,5.0
1999,Vampire,2.0
1999,Seinen,7.0
1999,Shounen Ai,1.0
1999,Game,3.0
1999,Yuri,2.0
1999,Thriller,1.0
1999,Josei,1.0
1999,Harem,6.0
1999,Shoujo Ai,0.0
1999,Yaoi,0.0
2000,Comedy,73.0
2000,Drama,32.0
2000,Kids,26.0
2000,Samurai,3.0
2000,Demons,8.0
2000,Fantasy,43.0
2000,Historical,9.0
2000,Adventure,51.0
2000,Romance,26.0
2000,Action,42.0
2000,Music,5.0
2000,Sports,4.0
2000,Military,6.0
2000,Slice of Life,11.0
2000,Supernatural,23.0
2000,Dementia,4.0
2000,Ecchi,8.0
2000,Mecha,21.0
2000,Sci-Fi,47.0
2000,Shounen,36.0
2000,Mystery,11.0
2000,School,9.0
2000,Space,9.0
2000,Super Power,3.0
2000,Magic,15.0
2000,Shoujo,10.0
2000,Cars,2.0
2000,Horror,17.0
2000,Martial Arts,2.0
2000,Parody,5.0
2000,Police,4.0
2000,Hentai,43.0
2000,Psychological,4.0
2000,Vampire,6.0
2000,Seinen,1.0
2000,Shounen Ai,2.0
2000,Game,4.0
2000,Yuri,1.0
2000,Thriller,0.0
2000,Josei,0.0
2000,Harem,3.0
2000,Shoujo Ai,0.0
2000,Yaoi,0.0
2001,Comedy,96.0
2001,Drama,56.0
2001,Kids,48.0
2001,Samurai,1.0
2001,Demons,9.0
2001,Fantasy,71.0
2001,Historical,9.0
2001,Adventure,68.0
2001,Romance,43.0
2001,Action,57.0
2001,Music,4.0
2001,Sports,13.0
2001,Military,10.0
2001,Slice of Life,20.0
2001,Supernatural,14.0
2001,Dementia,2.0
2001,Ecchi,11.0
2001,Mecha,22.0
2001,Sci-Fi,62.0
2001,Shounen,48.0
2001,Mystery,12.0
2001,School,14.0
2001,Space,13.0
2001,Super Power,7.0
2001,Magic,22.0
2001,Shoujo,13.0
2001,Cars,2.0
2001,Horror,7.0
2001,Martial Arts,4.0
2001,Parody,2.0
2001,Police,3.0
2001,Hentai,81.0
2001,Psychological,4.0
2001,Vampire,2.0
2001,Seinen,7.0
2001,Shounen Ai,0.0
2001,Game,4.0
2001,Yuri,2.0
2001,Thriller,0.0
2001,Josei,0.0
2001,Harem,9.0
2001,Shoujo Ai,1.0
2001,Yaoi,1.0
2002,Comedy,110.0
2002,Drama,57.0
2002,Kids,31.0
2002,Samurai,2.0
2002,Demons,8.0
2002,Fantasy,51.0
2002,Historical,15.0
2002,Adventure,69.0
2002,Romance,49.0
2002,Action,71.0
2002,Music,12.0
2002,Sports,15.0
2002,Military,15.0
2002,Slice of Life,21.0
2002,Supernatural,24.0
2002,Dementia,4.0
2002,Ecchi,15.0
2002,Mecha,33.0
2002,Sci-Fi,86.0
2002,Shounen,58.0
2002,Mystery,11.0
2002,School,24.0
2002,Space,14.0
2002,Super Power,12.0
2002,Magic,20.0
2002,Shoujo,10.0
2002,Cars,3.0
2002,Horror,8.0
2002,Martial Arts,5.0
2002,Parody,7.0
2002,Police,9.0
2002,Hentai,68.0
2002,Psychological,9.0
2002,Vampire,0.0
2002,Seinen,8.0
2002,Shounen Ai,2.0
2002,Game,6.0
2002,Yuri,1.0
2002,Thriller,0.0
2002,Josei,0.0
2002,Harem,4.0
2002,Shoujo Ai,0.0
2002,Yaoi,0.0
2003,Comedy,112.0
2003,Drama,61.0
2003,Kids,25.0
2003,Samurai,3.0
2003,Demons,4.0
2003,Fantasy,56.0
2003,Historical,17.0
2003,Adventure,68.0
2003,Romance,49.0
2003,Action,65.0
2003,Music,7.0
2003,Sports,12.0
2003,Military,11.0
2003,Slice of Life,22.0
2003,Supernatural,20.0
2003,Dementia,1.0
2003,Ecchi,18.0
2003,Mecha,29.0
2003,Sci-Fi,83.0
2003,Shounen,55.0
2003,Mystery,14.0
2003,School,17.0
2003,Space,7.0
2003,Super Power,13.0
2003,Magic,26.0
2003,Shoujo,8.0
2003,Cars,2.0
2003,Horror,9.0
2003,Martial Arts,5.0
2003,Parody,3.0
2003,Police,7.0
2003,Hentai,71.0
2003,Psychological,7.0
2003,Vampire,3.0
2003,Seinen,9.0
2003,Shounen Ai,0.0
2003,Game,7.0
2003,Yuri,2.0
2003,Thriller,1.0
2003,Josei,1.0
2003,Harem,12.0
2003,Shoujo Ai,1.0
2003,Yaoi,0.0
2004,Comedy,140.0
2004,Drama,84.0
2004,Kids,33.0
2004,Samurai,5.0
2004,Demons,5.0
2004,Fantasy,54.0
2004,Historical,21.0
2004,Adventure,74.0
2004,Romance,59.0
2004,Action,69.0
2004,Music,14.0
2004,Sports,11.0
2004,Military,19.0
2004,Slice of Life,22.0
2004,Supernatural,28.0
2004,Dementia,1.0
2004,Ecchi,26.0
2004,Mecha,39.0
2004,Sci-Fi,82.0
2004,Shounen,62.0
2004,Mystery,15.0
2004,School,32.0
2004,Space,12.0
2004,Super Power,11.0
2004,Magic,25.0
2004,Shoujo,19.0
2004,Cars,2.0
2004,Horror,12.0
2004,Martial Arts,10.0
2004,Parody,9.0
2004,Police,9.0
2004,Hentai,57.0
2004,Psychological,17.0
2004,Vampire,1.0
2004,Seinen,12.0
2004,Shounen Ai,1.0
2004,Game,4.0
2004,Yuri,1.0
2004,Thriller,3.0
2004,Josei,2.0
2004,Harem,13.0
2004,Shoujo Ai,7.0
2004,Yaoi,2.0
2005,Comedy,122.0
2005,Drama,88.0
2005,Kids,29.0
2005,Samurai,3.0
2005,Demons,3.0
2005,Fantasy,79.0
2005,Historical,21.0
2005,Adventure,63.0
2005,Romance,67.0
2005,Action,61.0
2005,Music,14.0
2005,Sports,12.0
2005,Military,22.0
2005,Slice of Life,26.0
2005,Supernatural,39.0
2005,Dementia,4.0
2005,Ecchi,24.0
2005,Mecha,31.0
2005,Sci-Fi,57.0
2005,Shounen,61.0
2005,Mystery,13.0
2005,School,20.0
2005,Space,10.0
2005,Super Power,13.0
2005,Magic,33.0
2005,Shoujo,18.0
2005,Cars,2.0
2005,Horror,5.0
2005,Martial Arts,4.0
2005,Parody,10.0
2005,Police,5.0
2005,Hentai,42.0
2005,Psychological,8.0
2005,Vampire,4.0
2005,Seinen,14.0
2005,Shounen Ai,6.0
2005,Game,7.0
2005,Yuri,1.0
2005,Thriller,1.0
2005,Josei,3.0
2005,Harem,17.0
2005,Shoujo Ai,0.0
2005,Yaoi,2.0
2006,Comedy,172.0
2006,Drama,84.0
2006,Kids,49.0
2006,Samurai,7.0
2006,Demons,11.0
2006,Fantasy,95.0
2006,Historical,18.0
2006,Adventure,75.0
2006,Romance,79.0
2006,Action,86.0
2006,Music,15.0
2006,Sports,7.0
2006,Military,25.0
2006,Slice of Life,40.0
2006,Supernatural,45.0
2006,Dementia,2.0
2006,Ecchi,23.0
2006,Mecha,30.0
2006,Sci-Fi,70.0
2006,Shounen,48.0
2006,Mystery,23.0
2006,School,41.0
2006,Space,10.0
2006,Super Power,12.0
2006,Magic,42.0
2006,Shoujo,26.0
2006,Cars,0.0
2006,Horror,20.0
2006,Martial Arts,11.0
2006,Parody,12.0
2006,Police,11.0
2006,Hentai,40.0
2006,Psychological,12.0
2006,Vampire,5.0
2006,Seinen,19.0
2006,Shounen Ai,5.0
2006,Game,5.0
2006,Yuri,1.0
2006,Thriller,5.0
2006,Josei,1.0
2006,Harem,15.0
2006,Shoujo Ai,5.0
2006,Yaoi,1.0
2007,Comedy,152.0
2007,Drama,80.0
2007,Kids,38.0
2007,Samurai,5.0
2007,Demons,5.0
2007,Fantasy,98.0
2007,Historical,27.0
2007,Adventure,75.0
2007,Romance,66.0
2007,Action,99.0
2007,Music,15.0
2007,Sports,16.0
2007,Military,14.0
2007,Slice of Life,34.0
2007,Supernatural,37.0
2007,Dementia,3.0
2007,Ecchi,23.0
2007,Mecha,37.0
2007,Sci-Fi,67.0
2007,Shounen,38.0
2007,Mystery,28.0
2007,School,61.0
2007,Space,7.0
2007,Super Power,17.0
2007,Magic,35.0
2007,Shoujo,13.0
2007,Cars,4.0
2007,Horror,12.0
2007,Martial Arts,14.0
2007,Parody,14.0
2007,Police,7.0
2007,Hentai,46.0
2007,Psychological,8.0
2007,Vampire,2.0
2007,Seinen,20.0
2007,Shounen Ai,1.0
2007,Game,8.0
2007,Yuri,1.0
2007,Thriller,7.0
2007,Josei,1.0
2007,Harem,12.0
2007,Shoujo Ai,3.0
2007,Yaoi,6.0
2008,Comedy,171.0
2008,Drama,52.0
2008,Kids,36.0
2008,Samurai,4.0
2008,Demons,5.0
2008,Fantasy,76.0
2008,Historical,20.0
2008,Adventure,61.0
2008,Romance,65.0
2008,Action,107.0
2008,Music,21.0
2008,Sports,8.0
2008,Military,15.0
2008,Slice of Life,34.0
2008,Supernatural,52.0
2008,Dementia,1.0
2008,Ecchi,34.0
2008,Mecha,16.0
2008,Sci-Fi,61.0
2008,Shounen,47.0
2008,Mystery,22.0
2008,School,58.0
2008,Space,6.0
2008,Super Power,22.0
2008,Magic,24.0
2008,Shoujo,21.0
2008,Cars,4.0
2008,Horror,11.0
2008,Martial Arts,14.0
2008,Parody,31.0
2008,Police,9.0
2008,Hentai,39.0
2008,Psychological,11.0
2008,Vampire,8.0
2008,Seinen,10.0
2008,Shounen Ai,4.0
2008,Game,9.0
2008,Yuri,2.0
2008,Thriller,9.0
2008,Josei,2.0
2008,Harem,21.0
2008,Shoujo Ai,3.0
2008,Yaoi,3.0
2009,Comedy,206.0
2009,Drama,47.0
2009,Kids,49.0
2009,Samurai,6.0
2009,Demons,9.0
2009,Fantasy,78.0
2009,Historical,20.0
2009,Adventure,73.0
2009,Romance,60.0
2009,Action,102.0
2009,Music,42.0
2009,Sports,19.0
2009,Military,16.0
2009,Slice of Life,48.0
2009,Supernatural,38.0
2009,Dementia,3.0
2009,Ecchi,41.0
2009,Mecha,22.0
2009,Sci-Fi,59.0
2009,Shounen,41.0
2009,Mystery,24.0
2009,School,54.0
2009,Space,14.0
2009,Super Power,31.0
2009,Magic,30.0
2009,Shoujo,17.0
2009,Cars,3.0
2009,Horror,6.0
2009,Martial Arts,14.0
2009,Parody,22.0
2009,Police,4.0
2009,Hentai,43.0
2009,Psychological,7.0
2009,Vampire,2.0
2009,Seinen,20.0
2009,Shounen Ai,0.0
2009,Game,5.0
2009,Yuri,3.0
2009,Thriller,10.0
2009,Josei,2.0
2009,Harem,19.0
2009,Shoujo Ai,8.0
2009,Yaoi,3.0
2010,Comedy,213.0
2010,Drama,42.0
2010,Kids,39.0
2010,Samurai,13.0
2010,Demons,13.0
2010,Fantasy,70.0
2010,Historical,32.0
2010,Adventure,53.0
2010,Romance,46.0
2010,Action,119.0
2010,Music,35.0
2010,Sports,18.0
2010,Military,19.0
2010,Slice of Life,41.0
2010,Supernatural,65.0
2010,Dementia,0.0
2010,Ecchi,47.0
2010,Mecha,27.0
2010,Sci-Fi,54.0
2010,Shounen,68.0
2010,Mystery,19.0
2010,School,54.0
2010,Space,8.0
2010,Super Power,29.0
2010,Magic,29.0
2010,Shoujo,19.0
2010,Cars,1.0
2010,Horror,7.0
2010,Martial Arts,10.0
2010,Parody,22.0
2010,Police,3.0
2010,Hentai,57.0
2010,Psychological,3.0
2010,Vampire,6.0
2010,Seinen,31.0
2010,Shounen Ai,2.0
2010,Game,5.0
2010,Yuri,3.0
2010,Thriller,4.0
2010,Josei,8.0
2010,Harem,20.0
2010,Shoujo Ai,1.0
2010,Yaoi,5.0
2011,Comedy,231.0
2011,Drama,56.0
2011,Kids,36.0
2011,Samurai,9.0
2011,Demons,14.0
2011,Fantasy,79.0
2011,Historical,27.0
2011,Adventure,59.0
2011,Romance,57.0
2011,Action,124.0
2011,Music,55.0
2011,Sports,19.0
2011,Military,14.0
2011,Slice of Life,63.0
2011,Supernatural,77.0
2011,Dementia,2.0
2011,Ecchi,48.0
2011,Mecha,18.0
2011,Sci-Fi,50.0
2011,Shounen,70.0
2011,Mystery,26.0
2011,School,65.0
2011,Space,5.0
2011,Super Power,37.0
2011,Magic,34.0
2011,Shoujo,27.0
2011,Cars,2.0
2011,Horror,8.0
2011,Martial Arts,14.0
2011,Parody,24.0
2011,Police,11.0
2011,Hentai,63.0
2011,Psychological,6.0
2011,Vampire,10.0
2011,Seinen,36.0
2011,Shounen Ai,4.0
2011,Game,10.0
2011,Yuri,3.0
2011,Thriller,7.0
2011,Josei,6.0
2011,Harem,28.0
2011,Shoujo Ai,3.0
2011,Yaoi,0.0
2012,Comedy,254.0
2012,Drama,62.0
2012,Kids,52.0
2012,Samurai,6.0
2012,Demons,10.0
2012,Fantasy,91.0
2012,Historical,29.0
2012,Adventure,68.0
2012,Romance,83.0
2012,Action,132.0
2012,Music,54.0
2012,Sports,22.0
2012,Military,17.0
2012,Slice of Life,86.0
2012,Supernatural,64.0
2012,Dementia,4.0
2012,Ecchi,41.0
2012,Mecha,22.0
2012,Sci-Fi,76.0
2012,Shounen,74.0
2012,Mystery,29.0
2012,School,97.0
2012,Space,7.0
2012,Super Power,31.0
2012,Magic,27.0
2012,Shoujo,26.0
2012,Cars,5.0
2012,Horror,24.0
2012,Martial Arts,6.0
2012,Parody,28.0
2012,Police,6.0
2012,Hentai,46.0
2012,Psychological,9.0
2012,Vampire,5.0
2012,Seinen,49.0
2012,Shounen Ai,3.0
2012,Game,13.0
2012,Yuri,1.0
2012,Thriller,9.0
2012,Josei,6.0
2012,Harem,21.0
2012,Shoujo Ai,3.0
2012,Yaoi,2.0
2013,Comedy,262.0
2013,Drama,57.0
2013,Kids,42.0
2013,Samurai,6.0
2013,Demons,18.0
2013,Fantasy,105.0
2013,Historical,23.0
2013,Adventure,47.0
2013,Romance,64.0
2013,Action,131.0
2013,Music,66.0
2013,Sports,30.0
2013,Military,12.0
2013,Slice of Life,88.0
2013,Supernatural,54.0
2013,Dementia,4.0
2013,Ecchi,33.0
2013,Mecha,33.0
2013,Sci-Fi,53.0
2013,Shounen,69.0
2013,Mystery,20.0
2013,School,101.0
2013,Space,5.0
2013,Super Power,23.0
2013,Magic,36.0
2013,Shoujo,29.0
2013,Cars,2.0
2013,Horror,8.0
2013,Martial Arts,7.0
2013,Parody,38.0
2013,Police,6.0
2013,Hentai,58.0
2013,Psychological,12.0
2013,Vampire,7.0
2013,Seinen,46.0
2013,Shounen Ai,1.0
2013,Game,12.0
2013,Yuri,0.0
2013,Thriller,7.0
2013,Josei,7.0
2013,Harem,23.0
2013,Shoujo Ai,2.0
2013,Yaoi,1.0
2014,Comedy,293.0
2014,Drama,60.0
2014,Kids,66.0
2014,Samurai,5.0
2014,Demons,12.0
2014,Fantasy,132.0
2014,Historical,31.0
2014,Adventure,76.0
2014,Romance,86.0
2014,Action,143.0
2014,Music,66.0
2014,Sports,27.0
2014,Military,10.0
2014,Slice of Life,109.0
2014,Supernatural,72.0
2014,Dementia,8.0
2014,Ecchi,41.0
2014,Mecha,35.0
2014,Sci-Fi,72.0
2014,Shounen,84.0
2014,Mystery,26.0
2014,School,100.0
2014,Space,18.0
2014,Super Power,23.0
2014,Magic,42.0
2014,Shoujo,44.0
2014,Cars,3.0
2014,Horror,10.0
2014,Martial Arts,15.0
2014,Parody,21.0
2014,Police,6.0
2014,Hentai,63.0
2014,Psychological,17.0
2014,Vampire,1.0
2014,Seinen,47.0
2014,Shounen Ai,7.0
2014,Game,29.0
2014,Yuri,1.0
2014,Thriller,5.0
2014,Josei,2.0
2014,Harem,27.0
2014,Shoujo Ai,5.0
2014,Yaoi,0.0
2015,Comedy,288.0
2015,Drama,71.0
2015,Kids,49.0
2015,Samurai,6.0
2015,Demons,19.0
2015,Fantasy,111.0
2015,Historical,22.0
2015,Adventure,67.0
2015,Romance,61.0
2015,Action,158.0
2015,Music,66.0
2015,Sports,23.0
2015,Military,18.0
2015,Slice of Life,113.0
2015,Supernatural,79.0
2015,Dementia,2.0
2015,Ecchi,46.0
2015,Mecha,31.0
2015,Sci-Fi,62.0
2015,Shounen,78.0
2015,Mystery,34.0
2015,School,115.0
2015,Space,11.0
2015,Super Power,26.0
2015,Magic,35.0
2015,Shoujo,32.0
2015,Cars,7.0
2015,Horror,12.0
2015,Martial Arts,7.0
2015,Parody,37.0
2015,Police,7.0
2015,Hentai,58.0
2015,Psychological,13.0
2015,Vampire,10.0
2015,Seinen,49.0
2015,Shounen Ai,2.0
2015,Game,9.0
2015,Yuri,3.0
2015,Thriller,5.0
2015,Josei,1.0
2015,Harem,30.0
2015,Shoujo Ai,9.0
2015,Yaoi,0.0
2016,Comedy,248.0
2016,Drama,70.0
2016,Kids,32.0
2016,Samurai,6.0
2016,Demons,12.0
2016,Fantasy,113.0
2016,Historical,29.0
2016,Adventure,67.0
2016,Romance,62.0
2016,Action,159.0
2016,Music,52.0
2016,Sports,34.0
2016,Military,18.0
2016,Slice of Life,81.0
2016,Supernatural,77.0
2016,Dementia,3.0
2016,Ecchi,26.0
2016,Mecha,29.0
2016,Sci-Fi,70.0
2016,Shounen,78.0
2016,Mystery,35.0
2016,School,105.0
2016,Space,17.0
2016,Super Power,16.0
2016,Magic,37.0
2016,Shoujo,35.0
2016,Cars,2.0
2016,Horror,23.0
2016,Martial Arts,4.0
2016,Parody,19.0
2016,Police,8.0
2016,Hentai,47.0
2016,Psychological,11.0
2016,Vampire,9.0
2016,Seinen,36.0
2016,Shounen Ai,6.0
2016,Game,21.0
2016,Yuri,0.0
2016,Thriller,6.0
2016,Josei,5.0
2016,Harem,17.0
2016,Shoujo Ai,0.0
2016,Yaoi,1.0
2017,Comedy,51.0
2017,Drama,26.0
2017,Kids,7.0
2017,Samurai,1.0
2017,Demons,5.0
2017,Fantasy,49.0
2017,Historical,7.0
2017,Adventure,27.0
2017,Romance,21.0
2017,Action,55.0
2017,Music,11.0
2017,Sports,6.0
2017,Military,5.0
2017,Slice of Life,15.0
2017,Supernatural,25.0
2017,Dementia,1.0
2017,Ecchi,9.0
2017,Mecha,8.0
2017,Sci-Fi,17.0
2017,Shounen,26.0
2017,Mystery,9.0
2017,School,33.0
2017,Space,3.0
2017,Super Power,10.0
2017,Magic,23.0
2017,Shoujo,6.0
2017,Cars,0.0
2017,Horror,5.0
2017,Martial Arts,1.0
2017,Parody,1.0
2017,Police,2.0
2017,Hentai,5.0
2017,Psychological,3.0
2017,Vampire,2.0
2017,Seinen,10.0
2017,Shounen Ai,1.0
2017,Game,3.0
2017,Yuri,0.0
2017,Thriller,0.0
2017,Josei,2.0
2017,Harem,4.0
2017,Shoujo Ai,1.0
2017,Yaoi,1.0
2018,Comedy,35.0
2018,Drama,12.0
2018,Kids,19.0
2018,Samurai,1.0
2018,Demons,0.0
2018,Fantasy,12.0
2018,Historical,7.0
2018,Adventure,11.0
2018,Romance,6.0
2018,Action,13.0
2018,Music,7.0
2018,Sports,1.0
2018,Military,3.0
2018,Slice of Life,9.0
2018,Supernatural,1.0
2018,Dementia,2.0
2018,Ecchi,0.0
2018,Mecha,6.0
2018,Sci-Fi,11.0
2018,Shounen,2.0
2018,Mystery,1.0
2018,School,3.0
2018,Space,3.0
2018,Super Power,2.0
2018,Magic,3.0
2018,Shoujo,4.0
2018,Cars,0.0
2018,Horror,2.0
2018,Martial Arts,1.0
2018,Parody,5.0
2018,Police,0.0
2018,Hentai,0.0
2018,Psychological,0.0
2018,Vampire,0.0
2018,Seinen,2.0
2018,Shounen Ai,0.0
2018,Game,0.0
2018,Yuri,1.0
2018,Thriller,1.0
2018,Josei,0.0
2018,Harem,0.0
2018,Shoujo Ai,0.0
2018,Yaoi,0.0
